Nome,Email,Telefone,Usuario,Senha,Matricula,ContaCorrente,DataNascimento
Georgi,facello.georgi@acme.com,67 9687-0001,Facello,1235,981,1923-01,1986-06-26 00:00:00.000
Bezalel,simmel.bezalel@acme.com,67 9687-0002,Simmel,1236,982,1923-02,1985-11-21 00:00:00.000
Parto,bamford.parto@acme.com,67 9687-0003,Bamford,1237,983,1923-03,1986-08-28 00:00:00.000
Chirstian,koblick.chirstian@acme.com,67 9687-0004,Koblick,1238,984,1923-04,1986-12-01 00:00:00.000
Kyoichi,maliniak.kyoichi@acme.com,67 9687-0005,Maliniak,1239,985,1923-05,1989-09-12 00:00:00.000
Anneke,preusig.anneke@acme.com,67 9687-0006,Preusig,1240,986,1923-06,1989-06-02 00:00:00.000
Tzvetan,zielinski.tzvetan@acme.com,67 9687-0007,Zielinski,1241,987,1923-07,1989-02-10 00:00:00.000
Saniya,kalloufi.saniya@acme.com,67 9687-0008,Kalloufi,1242,988,1923-08,1994-09-15 00:00:00.000
Sumant,peac.sumant@acme.com,67 9687-0009,Peac,1243,989,1923-09,1985-02-18 00:00:00.000
Duangkaew,piveteau.duangkaew@acme.com,67 9687-0010,Piveteau,1244,990,1923-10,1989-08-24 00:00:00.000
Mary,sluis.mary@acme.com,67 9687-0011,Sluis,1245,991,1923-11,1990-01-22 00:00:00.000
Patricio,bridgland.patricio@acme.com,67 9687-0012,Bridgland,1246,992,1923-12,1992-12-18 00:00:00.000
Eberhardt,terkki.eberhardt@acme.com,67 9687-0013,Terkki,1247,993,1923-13,1985-10-20 00:00:00.000
Berni,genin.berni@acme.com,67 9687-0014,Genin,1248,994,1923-14,1987-03-11 00:00:00.000
Guoxiang,nooteboom.guoxiang@acme.com,67 9687-0015,Nooteboom,1249,995,1923-15,1987-07-02 00:00:00.000
Kazuhito,cappelletti.kazuhito@acme.com,67 9687-0016,Cappelletti,1250,996,1923-16,1995-01-27 00:00:00.000
Cristinel,bouloucos.cristinel@acme.com,67 9687-0017,Bouloucos,1251,997,1923-17,1993-08-03 00:00:00.000
Kazuhide,peha.kazuhide@acme.com,67 9687-0018,Peha,1252,998,1923-18,1987-04-03 00:00:00.000
Lillian,haddadi.lillian@acme.com,67 9687-0019,Haddadi,1253,999,1923-19,1999-04-30 00:00:00.000
Mayuko,warwick.mayuko@acme.com,67 9687-0020,Warwick,1254,1000,1923-20,1991-01-26 00:00:00.000
Ramzi,erde.ramzi@acme.com,67 9687-0021,Erde,1255,1001,1923-21,1988-02-10 00:00:00.000
Shahaf,famili.shahaf@acme.com,67 9687-0022,Famili,1256,1002,1923-22,1995-08-22 00:00:00.000
Bojan,montemayor.bojan@acme.com,67 9687-0023,Montemayor,1257,1003,1923-23,1989-12-17 00:00:00.000
Suzette,pettey.suzette@acme.com,67 9687-0024,Pettey,1258,1004,1923-24,1997-05-19 00:00:00.000
Prasadram,heyers.prasadram@acme.com,67 9687-0025,Heyers,1259,1005,1923-25,1987-08-17 00:00:00.000
Yongqiao,berztiss.yongqiao@acme.com,67 9687-0026,Berztiss,1260,1006,1923-26,1995-03-20 00:00:00.000
Divier,reistad.divier@acme.com,67 9687-0027,Reistad,1261,1007,1923-27,1989-07-07 00:00:00.000
Domenick,tempesti.domenick@acme.com,67 9687-0028,Tempesti,1262,1008,1923-28,1991-10-22 00:00:00.000
Otmar,herbst.otmar@acme.com,67 9687-0029,Herbst,1263,1009,1923-29,1985-11-20 00:00:00.000
Elvis,demeyer.elvis@acme.com,67 9687-0030,Demeyer,1264,1010,1923-30,1994-02-17 00:00:00.000
Karsten,joslin.karsten@acme.com,67 9687-0031,Joslin,1265,1011,1923-31,1991-09-01 00:00:00.000
Jeong,reistad.jeong@acme.com,67 9687-0032,Reistad,1266,1012,1923-32,1990-06-20 00:00:00.000
Arif,merlo.arif@acme.com,67 9687-0033,Merlo,1267,1013,1923-33,1987-03-18 00:00:00.000
Bader,swan.bader@acme.com,67 9687-0034,Swan,1268,1014,1923-34,1988-09-21 00:00:00.000
Alain,chappelet.alain@acme.com,67 9687-0035,Chappelet,1269,1015,1923-35,1988-09-05 00:00:00.000
Adamantios,portugali.adamantios@acme.com,67 9687-0036,Portugali,1270,1016,1923-36,1992-01-03 00:00:00.000
Pradeep,makrucki.pradeep@acme.com,67 9687-0037,Makrucki,1271,1017,1923-37,1990-12-05 00:00:00.000
Huan,lortz.huan@acme.com,67 9687-0038,Lortz,1272,1018,1923-38,1989-09-20 00:00:00.000
Alejandro,brender.alejandro@acme.com,67 9687-0039,Brender,1273,1019,1923-39,1988-01-19 00:00:00.000
Weiyi,meriste.weiyi@acme.com,67 9687-0040,Meriste,1274,1020,1923-40,1993-02-14 00:00:00.000
Uri,lenart.uri@acme.com,67 9687-0041,Lenart,1275,1021,1923-41,1989-11-12 00:00:00.000
Magy,stamatiou.magy@acme.com,67 9687-0042,Stamatiou,1276,1022,1923-42,1993-03-21 00:00:00.000
Yishay,tzvieli.yishay@acme.com,67 9687-0043,Tzvieli,1277,1023,1923-43,1990-10-20 00:00:00.000
Mingsen,casley.mingsen@acme.com,67 9687-0044,Casley,1278,1024,1923-44,1994-05-21 00:00:00.000
Moss,shanbhogue.moss@acme.com,67 9687-0045,Shanbhogue,1279,1025,1923-45,1989-09-02 00:00:00.000
Lucien,rosenbaum.lucien@acme.com,67 9687-0046,Rosenbaum,1280,1026,1923-46,1992-06-20 00:00:00.000
Zvonko,nyanchama.zvonko@acme.com,67 9687-0047,Nyanchama,1281,1027,1923-47,1989-03-31 00:00:00.000
Florian,syrotiuk.florian@acme.com,67 9687-0048,Syrotiuk,1282,1028,1923-48,1985-02-24 00:00:00.000
Basil,tramer.basil@acme.com,67 9687-0049,Tramer,1283,1029,1923-49,1992-05-04 00:00:00.000
Yinghua,dredge.yinghua@acme.com,67 9687-0050,Dredge,1284,1030,1923-50,1990-12-25 00:00:00.000
Hidefumi,caine.hidefumi@acme.com,67 9687-0051,Caine,1285,1031,1923-51,1992-10-15 00:00:00.000
Heping,nitsch.heping@acme.com,67 9687-0052,Nitsch,1286,1032,1923-52,1988-05-21 00:00:00.000
Sanjiv,zschoche.sanjiv@acme.com,67 9687-0053,Zschoche,1287,1033,1923-53,1986-02-04 00:00:00.000
Mayumi,schueller.mayumi@acme.com,67 9687-0054,Schueller,1288,1034,1923-54,1995-03-13 00:00:00.000
Georgy,dredge.georgy@acme.com,67 9687-0055,Dredge,1289,1035,1923-55,1992-04-27 00:00:00.000
Brendon,bernini.brendon@acme.com,67 9687-0056,Bernini,1290,1036,1923-56,1990-02-01 00:00:00.000
Ebbe,callaway.ebbe@acme.com,67 9687-0057,Callaway,1291,1037,1923-57,1992-01-15 00:00:00.000
Berhard,mcfarlin.berhard@acme.com,67 9687-0058,McFarlin,1292,1038,1923-58,1987-04-13 00:00:00.000
Alejandro,mcalpine.alejandro@acme.com,67 9687-0059,McAlpine,1293,1039,1923-59,1991-06-26 00:00:00.000
Breannda,billingsley.breannda@acme.com,67 9687-0060,Billingsley,1294,1040,1923-60,1987-11-02 00:00:00.000
Tse,herber.tse@acme.com,67 9687-0061,Herber,1295,1041,1923-61,1985-09-17 00:00:00.000
Anoosh,peyn.anoosh@acme.com,67 9687-0062,Peyn,1296,1042,1923-62,1991-08-30 00:00:00.000
Gino,leonhardt.gino@acme.com,67 9687-0063,Leonhardt,1297,1043,1923-63,1989-04-08 00:00:00.000
Udi,jansch.udi@acme.com,67 9687-0064,Jansch,1298,1044,1923-64,1985-11-20 00:00:00.000
Satosi,awdeh.satosi@acme.com,67 9687-0065,Awdeh,1299,1045,1923-65,1988-05-18 00:00:00.000
Kwee,schusler.kwee@acme.com,67 9687-0066,Schusler,1300,1046,1923-66,1986-02-26 00:00:00.000
Claudi,stavenow.claudi@acme.com,67 9687-0067,Stavenow,1301,1047,1923-67,1987-03-04 00:00:00.000
Charlene,brattka.charlene@acme.com,67 9687-0068,Brattka,1302,1048,1923-68,1987-08-07 00:00:00.000
Margareta,bierman.margareta@acme.com,67 9687-0069,Bierman,1303,1049,1923-69,1989-11-05 00:00:00.000
Reuven,garigliano.reuven@acme.com,67 9687-0070,Garigliano,1304,1050,1923-70,1985-10-14 00:00:00.000
Hisao,lipner.hisao@acme.com,67 9687-0071,Lipner,1305,1051,1923-71,1987-10-01 00:00:00.000
Hironoby,sidou.hironoby@acme.com,67 9687-0072,Sidou,1306,1052,1923-72,1988-07-21 00:00:00.000
Shir,mcclurg.shir@acme.com,67 9687-0073,McClurg,1307,1053,1923-73,1991-12-01 00:00:00.000
Mokhtar,bernatsky.mokhtar@acme.com,67 9687-0074,Bernatsky,1308,1054,1923-74,1990-08-13 00:00:00.000
Gao,dolinsky.gao@acme.com,67 9687-0075,Dolinsky,1309,1055,1923-75,1987-03-19 00:00:00.000
Erez,ritzmann.erez@acme.com,67 9687-0076,Ritzmann,1310,1056,1923-76,1985-07-09 00:00:00.000
Mona,azuma.mona@acme.com,67 9687-0077,Azuma,1311,1057,1923-77,1990-03-02 00:00:00.000
Danel,mondadori.danel@acme.com,67 9687-0078,Mondadori,1312,1058,1923-78,1987-05-26 00:00:00.000
Kshitij,gils.kshitij@acme.com,67 9687-0079,Gils,1313,1059,1923-79,1986-03-27 00:00:00.000
Premal,baek.premal@acme.com,67 9687-0080,Baek,1314,1060,1923-80,1985-11-19 00:00:00.000
Zhongwei,rosen.zhongwei@acme.com,67 9687-0081,Rosen,1315,1061,1923-81,1986-10-30 00:00:00.000
Parviz,lortz.parviz@acme.com,67 9687-0082,Lortz,1316,1062,1923-82,1990-01-03 00:00:00.000
Vishv,zockler.vishv@acme.com,67 9687-0083,Zockler,1317,1063,1923-83,1987-03-31 00:00:00.000
Tuval,kalloufi.tuval@acme.com,67 9687-0084,Kalloufi,1318,1064,1923-84,1995-12-15 00:00:00.000
Kenroku,malabarba.kenroku@acme.com,67 9687-0085,Malabarba,1319,1065,1923-85,1994-04-09 00:00:00.000
Somnath,foote.somnath@acme.com,67 9687-0086,Foote,1320,1066,1923-86,1990-02-16 00:00:00.000
Xinglin,eugenio.xinglin@acme.com,67 9687-0087,Eugenio,1321,1067,1923-87,1986-09-08 00:00:00.000
Jungsoon,syrzycki.jungsoon@acme.com,67 9687-0088,Syrzycki,1322,1068,1923-88,1988-09-02 00:00:00.000
Sudharsan,flasterstein.sudharsan@acme.com,67 9687-0089,Flasterstein,1323,1069,1923-89,1986-08-12 00:00:00.000
Kendra,hofting.kendra@acme.com,67 9687-0090,Hofting,1324,1070,1923-90,1986-03-14 00:00:00.000
Amabile,gomatam.amabile@acme.com,67 9687-0091,Gomatam,1325,1071,1923-91,1992-11-18 00:00:00.000
Valdiodio,niizuma.valdiodio@acme.com,67 9687-0092,Niizuma,1326,1072,1923-92,1989-09-22 00:00:00.000
Sailaja,desikan.sailaja@acme.com,67 9687-0093,Desikan,1327,1073,1923-93,1996-11-05 00:00:00.000
Arumugam,ossenbruggen.arumugam@acme.com,67 9687-0094,Ossenbruggen,1328,1074,1923-94,1987-04-18 00:00:00.000
Hilari,morton.hilari@acme.com,67 9687-0095,Morton,1329,1075,1923-95,1986-07-15 00:00:00.000
Jayson,mandell.jayson@acme.com,67 9687-0096,Mandell,1330,1076,1923-96,1990-01-14 00:00:00.000
Remzi,waschkowski.remzi@acme.com,67 9687-0097,Waschkowski,1331,1077,1923-97,1990-09-15 00:00:00.000
Sreekrishna,servieres.sreekrishna@acme.com,67 9687-0098,Servieres,1332,1078,1923-98,1985-05-13 00:00:00.000
Valter,sullins.valter@acme.com,67 9687-0099,Sullins,1333,1079,1923-99,1988-10-18 00:00:00.000
Hironobu,haraldson.hironobu@acme.com,67 9687-0100,Haraldson,1334,1080,1923-100,1987-09-21 00:00:00.000
Perla,heyers.perla@acme.com,67 9687-0101,Heyers,1335,1081,1923-101,1992-12-28 00:00:00.000
Paraskevi,luby.paraskevi@acme.com,67 9687-0102,Luby,1336,1082,1923-102,1994-01-26 00:00:00.000
Akemi,birch.akemi@acme.com,67 9687-0103,Birch,1337,1083,1923-103,1986-12-02 00:00:00.000
Xinyu,warwick.xinyu@acme.com,67 9687-0104,Warwick,1338,1084,1923-104,1987-04-16 00:00:00.000
Hironoby,piveteau.hironoby@acme.com,67 9687-0105,Piveteau,1339,1085,1923-105,1999-03-23 00:00:00.000
Eben,aingworth.eben@acme.com,67 9687-0106,Aingworth,1340,1086,1923-106,1990-12-19 00:00:00.000
Dung,baca.dung@acme.com,67 9687-0107,Baca,1341,1087,1923-107,1994-03-22 00:00:00.000
Lunjin,giveon.lunjin@acme.com,67 9687-0108,Giveon,1342,1088,1923-108,1986-10-02 00:00:00.000
Mariusz,prampolini.mariusz@acme.com,67 9687-0109,Prampolini,1343,1089,1923-109,1993-06-16 00:00:00.000
Xuejia,ullian.xuejia@acme.com,67 9687-0110,Ullian,1344,1090,1923-110,1986-08-22 00:00:00.000
Hugo,rosis.hugo@acme.com,67 9687-0111,Rosis,1345,1091,1923-111,1988-06-19 00:00:00.000
Yuichiro,swick.yuichiro@acme.com,67 9687-0112,Swick,1346,1092,1923-112,1985-10-08 00:00:00.000
Jaewon,syrzycki.jaewon@acme.com,67 9687-0113,Syrzycki,1347,1093,1923-113,1989-12-24 00:00:00.000
Munir,demeyer.munir@acme.com,67 9687-0114,Demeyer,1348,1094,1923-114,1992-07-17 00:00:00.000
Chikara,rissland.chikara@acme.com,67 9687-0115,Rissland,1349,1095,1923-115,1986-01-23 00:00:00.000
Dayanand,czap.dayanand@acme.com,67 9687-0116,Czap,1350,1096,1923-116,1985-05-28 00:00:00.000
Kiyotoshi,blokdijk.kiyotoshi@acme.com,67 9687-0117,Blokdijk,1351,1097,1923-117,1990-05-28 00:00:00.000
Zhonghui,zyda.zhonghui@acme.com,67 9687-0118,Zyda,1352,1098,1923-118,1990-09-13 00:00:00.000
Domenick,peltason.domenick@acme.com,67 9687-0119,Peltason,1353,1099,1923-119,1986-03-14 00:00:00.000
Armond,fairtlough.armond@acme.com,67 9687-0120,Fairtlough,1354,1100,1923-120,1996-07-06 00:00:00.000
Guoxiang,ramsay.guoxiang@acme.com,67 9687-0121,Ramsay,1355,1101,1923-121,1989-05-03 00:00:00.000
Ohad,esposito.ohad@acme.com,67 9687-0122,Esposito,1356,1102,1923-122,1992-12-23 00:00:00.000
Hinrich,randi.hinrich@acme.com,67 9687-0123,Randi,1357,1103,1923-123,1993-01-15 00:00:00.000
Geraldo,marwedel.geraldo@acme.com,67 9687-0124,Marwedel,1358,1104,1923-124,1991-09-05 00:00:00.000
Syozo,hiltgen.syozo@acme.com,67 9687-0125,Hiltgen,1359,1105,1923-125,1990-10-26 00:00:00.000
Kayoko,valtorta.kayoko@acme.com,67 9687-0126,Valtorta,1360,1106,1923-126,1985-09-08 00:00:00.000
Subir,baja.subir@acme.com,67 9687-0127,Baja,1361,1107,1923-127,1989-01-14 00:00:00.000
Babette,lamba.babette@acme.com,67 9687-0128,Lamba,1362,1108,1923-128,1988-06-06 00:00:00.000
Armond,peir.armond@acme.com,67 9687-0129,Peir,1363,1109,1923-129,1985-12-10 00:00:00.000
Nishit,casperson.nishit@acme.com,67 9687-0130,Casperson,1364,1110,1923-130,1988-06-21 00:00:00.000
Magdalena,eldridge.magdalena@acme.com,67 9687-0131,Eldridge,1365,1111,1923-131,1994-11-17 00:00:00.000
Ayakannu,skrikant.ayakannu@acme.com,67 9687-0132,Skrikant,1366,1112,1923-132,1994-10-30 00:00:00.000
Giri,isaak.giri@acme.com,67 9687-0133,Isaak,1367,1113,1923-133,1985-12-15 00:00:00.000
Diederik,siprelle.diederik@acme.com,67 9687-0134,Siprelle,1368,1114,1923-134,1987-12-12 00:00:00.000
Nathan,monkewich.nathan@acme.com,67 9687-0135,Monkewich,1369,1115,1923-135,1988-02-19 00:00:00.000
Zissis,pintelas.zissis@acme.com,67 9687-0136,Pintelas,1370,1116,1923-136,1986-02-11 00:00:00.000
Maren,hutton.maren@acme.com,67 9687-0137,Hutton,1371,1117,1923-137,1985-02-18 00:00:00.000
Perry,shimshoni.perry@acme.com,67 9687-0138,Shimshoni,1372,1118,1923-138,1986-09-18 00:00:00.000
Ewing,foong.ewing@acme.com,67 9687-0139,Foong,1373,1119,1923-139,1998-03-15 00:00:00.000
Yucel,auria.yucel@acme.com,67 9687-0140,Auria,1374,1120,1923-140,1991-03-14 00:00:00.000
Shahaf,ishibashi.shahaf@acme.com,67 9687-0141,Ishibashi,1375,1121,1923-141,1993-05-06 00:00:00.000
Tzvetan,hettesheimer.tzvetan@acme.com,67 9687-0142,Hettesheimer,1376,1122,1923-142,1993-10-28 00:00:00.000
Sakthirel,bakhtari.sakthirel@acme.com,67 9687-0143,Bakhtari,1377,1123,1923-143,1988-09-30 00:00:00.000
Marla,brendel.marla@acme.com,67 9687-0144,Brendel,1378,1124,1923-144,1985-10-14 00:00:00.000
Akemi,esposito.akemi@acme.com,67 9687-0145,Esposito,1379,1125,1923-145,1987-08-01 00:00:00.000
Chenyi,syang.chenyi@acme.com,67 9687-0146,Syang,1380,1126,1923-146,1988-06-28 00:00:00.000
Kazuhito,encarnacion.kazuhito@acme.com,67 9687-0147,Encarnacion,1381,1127,1923-147,1986-08-21 00:00:00.000
Douadi,azumi.douadi@acme.com,67 9687-0148,Azumi,1382,1128,1923-148,1995-10-10 00:00:00.000
Xiadong,perry.xiadong@acme.com,67 9687-0149,Perry,1383,1129,1923-149,1986-11-05 00:00:00.000
Zhenbing,perng.zhenbing@acme.com,67 9687-0150,Perng,1384,1130,1923-150,1986-11-16 00:00:00.000
Itzchak,lichtner.itzchak@acme.com,67 9687-0151,Lichtner,1385,1131,1923-151,1990-04-10 00:00:00.000
Jaques,munro.jaques@acme.com,67 9687-0152,Munro,1386,1132,1923-152,1986-01-27 00:00:00.000
Heekeun,majewski.heekeun@acme.com,67 9687-0153,Majewski,1387,1133,1923-153,1987-04-08 00:00:00.000
Abdulah,thibadeau.abdulah@acme.com,67 9687-0154,Thibadeau,1388,1134,1923-154,1990-12-12 00:00:00.000
Adas,nastansky.adas@acme.com,67 9687-0155,Nastansky,1389,1135,1923-155,1990-01-05 00:00:00.000
Sumali,fargier.sumali@acme.com,67 9687-0156,Fargier,1390,1136,1923-156,1985-03-10 00:00:00.000
Nigel,aloisi.nigel@acme.com,67 9687-0157,Aloisi,1391,1137,1923-157,1985-11-02 00:00:00.000
Khedija,mitsuhashi.khedija@acme.com,67 9687-0158,Mitsuhashi,1392,1138,1923-158,1986-01-29 00:00:00.000
Serif,buescher.serif@acme.com,67 9687-0159,Buescher,1393,1139,1923-159,1991-05-29 00:00:00.000
Debatosh,khasidashvili.debatosh@acme.com,67 9687-0160,Khasidashvili,1394,1140,1923-160,1989-01-30 00:00:00.000
Hairong,mellouli.hairong@acme.com,67 9687-0161,Mellouli,1395,1141,1923-161,1988-04-03 00:00:00.000
Florina,eugenio.florina@acme.com,67 9687-0162,Eugenio,1396,1142,1923-162,1991-05-01 00:00:00.000
Karsten,szmurlo.karsten@acme.com,67 9687-0163,Szmurlo,1397,1143,1923-163,1989-07-19 00:00:00.000
Jagoda,braunmuhl.jagoda@acme.com,67 9687-0164,Braunmuhl,1398,1144,1923-164,1985-11-12 00:00:00.000
Miyeon,macedo.miyeon@acme.com,67 9687-0165,Macedo,1399,1145,1923-165,1988-05-17 00:00:00.000
Samphel,siegrist.samphel@acme.com,67 9687-0166,Siegrist,1400,1146,1923-166,1993-01-01 00:00:00.000
Duangkaew,rassart.duangkaew@acme.com,67 9687-0167,Rassart,1401,1147,1923-167,1992-04-04 00:00:00.000
Dharmaraja,stassinopoulos.dharmaraja@acme.com,67 9687-0168,Stassinopoulos,1402,1148,1923-168,1986-12-06 00:00:00.000
Sampalli,snedden.sampalli@acme.com,67 9687-0169,Snedden,1403,1149,1923-169,1992-07-24 00:00:00.000
Kasturi,jenevein.kasturi@acme.com,67 9687-0170,Jenevein,1404,1150,1923-170,1986-01-02 00:00:00.000
Herbert,trachtenberg.herbert@acme.com,67 9687-0171,Trachtenberg,1405,1151,1923-171,1989-07-22 00:00:00.000
Shigeu,matzen.shigeu@acme.com,67 9687-0172,Matzen,1406,1152,1923-172,1995-10-13 00:00:00.000
Shrikanth,mahmud.shrikanth@acme.com,67 9687-0173,Mahmud,1407,1153,1923-173,1992-03-21 00:00:00.000
Badri,furudate.badri@acme.com,67 9687-0174,Furudate,1408,1154,1923-174,1987-06-01 00:00:00.000
Aleksandar,ananiadou.aleksandar@acme.com,67 9687-0175,Ananiadou,1409,1155,1923-175,1988-01-11 00:00:00.000
Brendon,lenart.brendon@acme.com,67 9687-0176,Lenart,1410,1156,1923-176,1994-12-22 00:00:00.000
Pragnesh,iisaka.pragnesh@acme.com,67 9687-0177,Iisaka,1411,1157,1923-177,1993-02-06 00:00:00.000
Valery,litvinov.valery@acme.com,67 9687-0178,Litvinov,1412,1158,1923-178,1986-10-07 00:00:00.000
Deniz,duclos.deniz@acme.com,67 9687-0179,Duclos,1413,1159,1923-179,1990-10-04 00:00:00.000
Shaw,wendorf.shaw@acme.com,67 9687-0180,Wendorf,1414,1160,1923-180,1986-02-25 00:00:00.000
Sibyl,nooteboom.sibyl@acme.com,67 9687-0181,Nooteboom,1415,1161,1923-181,1988-06-22 00:00:00.000
Moriyoshi,merey.moriyoshi@acme.com,67 9687-0182,Merey,1416,1162,1923-182,1990-09-02 00:00:00.000
Mechthild,bonifati.mechthild@acme.com,67 9687-0183,Bonifati,1417,1163,1923-183,1996-08-11 00:00:00.000
Mihalis,lowrie.mihalis@acme.com,67 9687-0184,Lowrie,1418,1164,1923-184,1987-10-29 00:00:00.000
Duro,sidhu.duro@acme.com,67 9687-0185,Sidhu,1419,1165,1923-185,1986-03-01 00:00:00.000
Shigehito,kropatsch.shigehito@acme.com,67 9687-0186,Kropatsch,1420,1166,1923-186,1986-03-28 00:00:00.000
Tommaso,narwekar.tommaso@acme.com,67 9687-0187,Narwekar,1421,1167,1923-187,1991-06-01 00:00:00.000
Christ,muchinsky.christ@acme.com,67 9687-0188,Muchinsky,1422,1168,1923-188,1987-08-27 00:00:00.000
Khalid,erva.khalid@acme.com,67 9687-0189,Erva,1423,1169,1923-189,1989-10-05 00:00:00.000
Arve,fairtlough.arve@acme.com,67 9687-0190,Fairtlough,1424,1170,1923-190,1986-06-23 00:00:00.000
Zdislav,nastansky.zdislav@acme.com,67 9687-0191,Nastansky,1425,1171,1923-191,1986-04-10 00:00:00.000
Mohua,falck.mohua@acme.com,67 9687-0192,Falck,1426,1172,1923-192,1988-06-13 00:00:00.000
Masaru,cheshire.masaru@acme.com,67 9687-0193,Cheshire,1427,1173,1923-193,1991-07-28 00:00:00.000
Josyula,hofmeyr.josyula@acme.com,67 9687-0194,Hofmeyr,1428,1174,1923-194,1989-05-15 00:00:00.000
Annemarie,redmiles.annemarie@acme.com,67 9687-0195,Redmiles,1429,1175,1923-195,1985-02-15 00:00:00.000
Marc,hellwagner.marc@acme.com,67 9687-0196,Hellwagner,1430,1176,1923-196,1994-11-16 00:00:00.000
Kasidit,krzyzanowski.kasidit@acme.com,67 9687-0197,Krzyzanowski,1431,1177,1923-197,1993-11-22 00:00:00.000
Pranav,furedi.pranav@acme.com,67 9687-0198,Furedi,1432,1178,1923-198,1985-08-31 00:00:00.000
Kazuhisa,ranta.kazuhisa@acme.com,67 9687-0199,Ranta,1433,1179,1923-199,1997-04-29 00:00:00.000
Vidya,awdeh.vidya@acme.com,67 9687-0200,Awdeh,1434,1180,1923-200,1985-10-16 00:00:00.000
Idoia,kavraki.idoia@acme.com,67 9687-0201,Kavraki,1435,1181,1923-201,1986-11-22 00:00:00.000
Greger,lichtner.greger@acme.com,67 9687-0202,Lichtner,1436,1182,1923-202,1991-10-06 00:00:00.000
Steen,escriba.steen@acme.com,67 9687-0203,Escriba,1437,1183,1923-203,1989-04-06 00:00:00.000
Nevio,ritcey.nevio@acme.com,67 9687-0204,Ritcey,1438,1184,1923-204,1986-12-04 00:00:00.000
Mabhin,leijenhorst.mabhin@acme.com,67 9687-0205,Leijenhorst,1439,1185,1923-205,1993-08-23 00:00:00.000
Alassane,iwayama.alassane@acme.com,67 9687-0206,Iwayama,1440,1186,1923-206,1988-04-19 00:00:00.000
Girolamo,anandan.girolamo@acme.com,67 9687-0207,Anandan,1441,1187,1923-207,1992-10-11 00:00:00.000
Xiping,klerer.xiping@acme.com,67 9687-0208,Klerer,1442,1188,1923-208,1991-12-23 00:00:00.000
Yolla,ellozy.yolla@acme.com,67 9687-0209,Ellozy,1443,1189,1923-209,1991-11-23 00:00:00.000
Yuping,alpin.yuping@acme.com,67 9687-0210,Alpin,1444,1190,1923-210,1994-05-10 00:00:00.000
Vishu,strehl.vishu@acme.com,67 9687-0211,Strehl,1445,1191,1923-211,1989-11-18 00:00:00.000
Divier,esteva.divier@acme.com,67 9687-0212,Esteva,1446,1192,1923-212,1990-07-11 00:00:00.000
Jackson,kakkad.jackson@acme.com,67 9687-0213,Kakkad,1447,1193,1923-213,1992-11-06 00:00:00.000
Tadahiko,ciolek.tadahiko@acme.com,67 9687-0214,Ciolek,1448,1194,1923-214,1988-02-29 00:00:00.000
Xiaobin,duclos.xiaobin@acme.com,67 9687-0215,Duclos,1449,1195,1923-215,1987-10-19 00:00:00.000
Amstein,ghemri.amstein@acme.com,67 9687-0216,Ghemri,1450,1196,1923-216,1987-10-30 00:00:00.000
Yongmin,roison.yongmin@acme.com,67 9687-0217,Roison,1451,1197,1923-217,1986-05-12 00:00:00.000
Zhenhua,magalhaes.zhenhua@acme.com,67 9687-0218,Magalhaes,1452,1198,1923-218,1997-01-15 00:00:00.000
Genta,kolvik.genta@acme.com,67 9687-0219,Kolvik,1453,1199,1923-219,1993-03-31 00:00:00.000
Kish,fasbender.kish@acme.com,67 9687-0220,Fasbender,1454,1200,1923-220,1992-06-25 00:00:00.000
Yucai,granlund.yucai@acme.com,67 9687-0221,Granlund,1455,1201,1923-221,1988-06-08 00:00:00.000
Tze,nourani.tze@acme.com,67 9687-0222,Nourani,1456,1202,1923-222,1986-06-08 00:00:00.000
Carrsten,schmiedel.carrsten@acme.com,67 9687-0223,Schmiedel,1457,1203,1923-223,1985-11-18 00:00:00.000
Leon,trogemann.leon@acme.com,67 9687-0224,Trogemann,1458,1204,1923-224,1988-01-09 00:00:00.000
Kellie,chinen.kellie@acme.com,67 9687-0225,Chinen,1459,1205,1923-225,1986-06-19 00:00:00.000
Xinglin,plessier.xinglin@acme.com,67 9687-0226,Plessier,1460,1206,1923-226,1989-10-27 00:00:00.000
Anneli,kaiser.anneli@acme.com,67 9687-0227,Kaiser,1461,1207,1923-227,1994-04-24 00:00:00.000
Karoline,cesareni.karoline@acme.com,67 9687-0228,Cesareni,1462,1208,1923-228,1991-08-26 00:00:00.000
Ulises,takanami.ulises@acme.com,67 9687-0229,Takanami,1463,1209,1923-229,1987-11-22 00:00:00.000
Clyde,vernadat.clyde@acme.com,67 9687-0230,Vernadat,1464,1210,1923-230,1996-06-16 00:00:00.000
Shaowen,desikan.shaowen@acme.com,67 9687-0231,Desikan,1465,1211,1923-231,1996-04-13 00:00:00.000
Marko,auria.marko@acme.com,67 9687-0232,Auria,1466,1212,1923-232,1992-06-04 00:00:00.000
Lein,vendrig.lein@acme.com,67 9687-0233,Vendrig,1467,1213,1923-233,1985-07-05 00:00:00.000
Arunachalam,bakhtari.arunachalam@acme.com,67 9687-0234,Bakhtari,1468,1214,1923-234,1990-11-19 00:00:00.000
Susanta,roccetti.susanta@acme.com,67 9687-0235,Roccetti,1469,1215,1923-235,1995-04-06 00:00:00.000
Susumu,bade.susumu@acme.com,67 9687-0236,Bade,1470,1216,1923-236,1996-08-30 00:00:00.000
Yannis,mandell.yannis@acme.com,67 9687-0237,Mandell,1471,1217,1923-237,1989-08-11 00:00:00.000
Mototsugu,gire.mototsugu@acme.com,67 9687-0238,Gire,1472,1218,1923-238,1986-11-19 00:00:00.000
Nikolaos,llado.nikolaos@acme.com,67 9687-0239,Llado,1473,1219,1923-239,1995-05-08 00:00:00.000
Remko,maccarone.remko@acme.com,67 9687-0240,Maccarone,1474,1220,1923-240,1998-10-06 00:00:00.000
Ortrud,murillo.ortrud@acme.com,67 9687-0241,Murillo,1475,1221,1923-241,1988-06-12 00:00:00.000
Lunjin,ozeri.lunjin@acme.com,67 9687-0242,Ozeri,1476,1222,1923-242,1988-01-18 00:00:00.000
Wonhee,pouyioutas.wonhee@acme.com,67 9687-0243,Pouyioutas,1477,1223,1923-243,1985-11-24 00:00:00.000
Foong,flasterstein.foong@acme.com,67 9687-0244,Flasterstein,1478,1224,1923-244,1985-12-23 00:00:00.000
Ramalingam,gente.ramalingam@acme.com,67 9687-0245,Gente,1479,1225,1923-245,1985-04-26 00:00:00.000
Basem,teitelbaum.basem@acme.com,67 9687-0246,Teitelbaum,1480,1226,1923-246,1987-07-12 00:00:00.000
Heon,riefers.heon@acme.com,67 9687-0247,Riefers,1481,1227,1923-247,1992-08-14 00:00:00.000
Frederique,tempesti.frederique@acme.com,67 9687-0248,Tempesti,1482,1228,1923-248,1991-08-13 00:00:00.000
Marie,boreale.marie@acme.com,67 9687-0249,Boreale,1483,1229,1923-249,1991-12-08 00:00:00.000
Serap,etalle.serap@acme.com,67 9687-0250,Etalle,1484,1230,1923-250,1992-08-30 00:00:00.000
Alair,rosenbaum.alair@acme.com,67 9687-0251,Rosenbaum,1485,1231,1923-251,1992-06-25 00:00:00.000
Shirish,wegerle.shirish@acme.com,67 9687-0252,Wegerle,1486,1232,1923-252,1990-11-08 00:00:00.000
Zsolt,salinas.zsolt@acme.com,67 9687-0253,Salinas,1487,1233,1923-253,1985-02-21 00:00:00.000
Shen,brattka.shen@acme.com,67 9687-0254,Brattka,1488,1234,1923-254,1990-06-14 00:00:00.000
Roddy,garnick.roddy@acme.com,67 9687-0255,Garnick,1489,1235,1923-255,1993-05-12 00:00:00.000
Irene,radhakrishnan.irene@acme.com,67 9687-0256,Radhakrishnan,1490,1236,1923-256,1985-10-12 00:00:00.000
Aiman,riexinger.aiman@acme.com,67 9687-0257,Riexinger,1491,1237,1923-257,1986-08-05 00:00:00.000
Basil,ishibashi.basil@acme.com,67 9687-0258,Ishibashi,1492,1238,1923-258,1985-05-17 00:00:00.000
Susanna,vesel.susanna@acme.com,67 9687-0259,Vesel,1493,1239,1923-259,1986-06-25 00:00:00.000
Alper,suomi.alper@acme.com,67 9687-0260,Suomi,1494,1240,1923-260,1991-04-13 00:00:00.000
Mang,erie.mang@acme.com,67 9687-0261,Erie,1495,1241,1923-261,1993-10-20 00:00:00.000
Mahendra,maraist.mahendra@acme.com,67 9687-0262,Maraist,1496,1242,1923-262,1992-07-27 00:00:00.000
Takahiro,waterhouse.takahiro@acme.com,67 9687-0263,Waterhouse,1497,1243,1923-263,1994-02-05 00:00:00.000
Nalini,kawashimo.nalini@acme.com,67 9687-0264,Kawashimo,1498,1244,1923-264,1997-07-16 00:00:00.000
Ramalingam,muniz.ramalingam@acme.com,67 9687-0265,Muniz,1499,1245,1923-265,1989-07-13 00:00:00.000
Sukumar,rassart.sukumar@acme.com,67 9687-0266,Rassart,1500,1246,1923-266,1990-05-25 00:00:00.000
Shaunak,cullers.shaunak@acme.com,67 9687-0267,Cullers,1501,1247,1923-267,1996-12-11 00:00:00.000
Nishit,siochi.nishit@acme.com,67 9687-0268,Siochi,1502,1248,1923-268,1986-12-17 00:00:00.000
Taizo,oxman.taizo@acme.com,67 9687-0269,Oxman,1503,1249,1923-269,1988-07-24 00:00:00.000
Bedir,hartvigsen.bedir@acme.com,67 9687-0270,Hartvigsen,1504,1250,1923-270,1990-04-26 00:00:00.000
Sham,eastman.sham@acme.com,67 9687-0271,Eastman,1505,1251,1923-271,1986-05-23 00:00:00.000
Yishai,cannane.yishai@acme.com,67 9687-0272,Cannane,1506,1252,1923-272,1988-05-23 00:00:00.000
Baocai,lieblein.baocai@acme.com,67 9687-0273,Lieblein,1507,1253,1923-273,1985-11-06 00:00:00.000
Dmitri,pearson.dmitri@acme.com,67 9687-0274,Pearson,1508,1254,1923-274,1991-04-21 00:00:00.000
Marek,luck.marek@acme.com,67 9687-0275,Luck,1509,1255,1923-275,1987-09-08 00:00:00.000
Xuejun,hempstead.xuejun@acme.com,67 9687-0276,Hempstead,1510,1256,1923-276,1985-07-21 00:00:00.000
Isaac,schwartzbauer.isaac@acme.com,67 9687-0277,Schwartzbauer,1511,1257,1923-277,1985-06-16 00:00:00.000
Lubomir,nitsch.lubomir@acme.com,67 9687-0278,Nitsch,1512,1258,1923-278,1991-05-17 00:00:00.000
Barton,jumpertz.barton@acme.com,67 9687-0279,Jumpertz,1513,1259,1923-279,1994-12-20 00:00:00.000
Stabislas,delgrange.stabislas@acme.com,67 9687-0280,Delgrange,1514,1260,1923-280,1988-03-18 00:00:00.000
Moty,kusakari.moty@acme.com,67 9687-0281,Kusakari,1515,1261,1923-281,1994-12-03 00:00:00.000
Hercules,benzmuller.hercules@acme.com,67 9687-0282,Benzmuller,1516,1262,1923-282,1986-06-04 00:00:00.000
Kauko,birjandi.kauko@acme.com,67 9687-0283,Birjandi,1517,1263,1923-283,1988-05-25 00:00:00.000
Masali,murrill.masali@acme.com,67 9687-0284,Murrill,1518,1264,1923-284,1997-07-02 00:00:00.000
Zhonghui,preusig.zhonghui@acme.com,67 9687-0285,Preusig,1519,1265,1923-285,1995-02-27 00:00:00.000
Saddek,gopalakrishnan.saddek@acme.com,67 9687-0286,Gopalakrishnan,1520,1266,1923-286,1988-03-21 00:00:00.000
Marie,pietracaprina.marie@acme.com,67 9687-0287,Pietracaprina,1521,1267,1923-287,1992-12-28 00:00:00.000
Selwyn,perri.selwyn@acme.com,67 9687-0288,Perri,1522,1268,1923-288,1994-08-29 00:00:00.000
Shay,poulakidas.shay@acme.com,67 9687-0289,Poulakidas,1523,1269,1923-289,1990-06-06 00:00:00.000
Yongmao,pleszkun.yongmao@acme.com,67 9687-0290,Pleszkun,1524,1270,1923-290,1991-09-18 00:00:00.000
Dipayan,seghrouchni.dipayan@acme.com,67 9687-0291,Seghrouchni,1525,1271,1923-291,1986-09-29 00:00:00.000
Yucel,ghelli.yucel@acme.com,67 9687-0292,Ghelli,1526,1272,1923-292,1989-06-05 00:00:00.000
Mihalis,avouris.mihalis@acme.com,67 9687-0293,Avouris,1527,1273,1923-293,1992-12-12 00:00:00.000
Rutger,miara.rutger@acme.com,67 9687-0294,Miara,1528,1274,1923-294,1996-04-08 00:00:00.000
Kristine,velardi.kristine@acme.com,67 9687-0295,Velardi,1529,1275,1923-295,1990-08-27 00:00:00.000
Petter,lorho.petter@acme.com,67 9687-0296,Lorho,1530,1276,1923-296,1989-09-16 00:00:00.000
Narain,oaver.narain@acme.com,67 9687-0297,Oaver,1531,1277,1923-297,1986-05-28 00:00:00.000
Dietrich,ducasse.dietrich@acme.com,67 9687-0298,DuCasse,1532,1278,1923-298,1999-03-30 00:00:00.000
Ipke,stentiford.ipke@acme.com,67 9687-0299,Stentiford,1533,1279,1923-299,1990-01-10 00:00:00.000
Tadahiko,ulupinar.tadahiko@acme.com,67 9687-0300,Ulupinar,1534,1280,1923-300,1991-05-17 00:00:00.000
Lucien,staudhammer.lucien@acme.com,67 9687-0301,Staudhammer,1535,1281,1923-301,1988-05-23 00:00:00.000
Faiza,baer.faiza@acme.com,67 9687-0302,Baer,1536,1282,1923-302,1986-07-22 00:00:00.000
Marlo,zschoche.marlo@acme.com,67 9687-0303,Zschoche,1537,1283,1923-303,1990-02-05 00:00:00.000
Bernt,erie.bernt@acme.com,67 9687-0304,Erie,1538,1284,1923-304,1992-11-16 00:00:00.000
Hirochika,piancastelli.hirochika@acme.com,67 9687-0305,Piancastelli,1539,1285,1923-305,1988-10-31 00:00:00.000
Heng,kilgour.heng@acme.com,67 9687-0306,Kilgour,1540,1286,1923-306,1993-09-06 00:00:00.000
Nikolaos,leaver.nikolaos@acme.com,67 9687-0307,Leaver,1541,1287,1923-307,1991-04-10 00:00:00.000
Dzung,holburn.dzung@acme.com,67 9687-0308,Holburn,1542,1288,1923-308,1992-12-29 00:00:00.000
Prodip,schusler.prodip@acme.com,67 9687-0309,Schusler,1543,1289,1923-309,1985-06-20 00:00:00.000
Aksel,alencar.aksel@acme.com,67 9687-0310,Alencar,1544,1290,1923-310,1990-10-24 00:00:00.000
Hsiangchu,molenkamp.hsiangchu@acme.com,67 9687-0311,Molenkamp,1545,1291,1923-311,1991-04-01 00:00:00.000
Rasiah,deyuan.rasiah@acme.com,67 9687-0312,Deyuan,1546,1292,1923-312,1986-08-28 00:00:00.000
Subbu,riexinger.subbu@acme.com,67 9687-0313,Riexinger,1547,1293,1923-313,1994-10-10 00:00:00.000
Christfried,apsitis.christfried@acme.com,67 9687-0314,Apsitis,1548,1294,1923-314,1986-01-16 00:00:00.000
Maris,angelopoulos.maris@acme.com,67 9687-0315,Angelopoulos,1549,1295,1923-315,1987-08-28 00:00:00.000
Christoper,schwaller.christoper@acme.com,67 9687-0316,Schwaller,1550,1296,1923-316,1987-09-04 00:00:00.000
Arie,birge.arie@acme.com,67 9687-0317,Birge,1551,1297,1923-317,1986-12-10 00:00:00.000
Mototsugu,beilner.mototsugu@acme.com,67 9687-0318,Beilner,1552,1298,1923-318,1985-06-29 00:00:00.000
Mechthild,miyakawa.mechthild@acme.com,67 9687-0319,Miyakawa,1553,1299,1923-319,1985-08-15 00:00:00.000
Uinam,stasinski.uinam@acme.com,67 9687-0320,Stasinski,1554,1300,1923-320,1988-11-03 00:00:00.000
Guenter,ravishankar.guenter@acme.com,67 9687-0321,Ravishankar,1555,1301,1923-321,1991-09-24 00:00:00.000
Isamu,dahlbom.isamu@acme.com,67 9687-0322,Dahlbom,1556,1302,1923-322,1990-01-29 00:00:00.000
Kankanahalli,hinsberger.kankanahalli@acme.com,67 9687-0323,Hinsberger,1557,1303,1923-323,1991-06-06 00:00:00.000
Bernardo,rouquie.bernardo@acme.com,67 9687-0324,Rouquie,1558,1304,1923-324,1988-03-19 00:00:00.000
Arunachalam,badr.arunachalam@acme.com,67 9687-0325,Badr,1559,1305,1923-325,1990-09-20 00:00:00.000
Masali,czap.masali@acme.com,67 9687-0326,Czap,1560,1306,1923-326,1985-05-13 00:00:00.000
Roded,facello.roded@acme.com,67 9687-0327,Facello,1561,1307,1923-327,1987-09-18 00:00:00.000
Serenella,kawashima.serenella@acme.com,67 9687-0328,Kawashima,1562,1308,1923-328,1994-01-16 00:00:00.000
Remko,shigei.remko@acme.com,67 9687-0329,Shigei,1563,1309,1923-329,1986-01-20 00:00:00.000
Kasturi,bellmore.kasturi@acme.com,67 9687-0330,Bellmore,1564,1310,1923-330,1985-06-12 00:00:00.000
Arto,binkley.arto@acme.com,67 9687-0331,Binkley,1565,1311,1923-331,1985-04-06 00:00:00.000
Masanao,bain.masanao@acme.com,67 9687-0332,Bain,1566,1312,1923-332,1988-06-08 00:00:00.000
Snehasis,dymetman.snehasis@acme.com,67 9687-0333,Dymetman,1567,1313,1923-333,1993-01-16 00:00:00.000
Falguni,erie.falguni@acme.com,67 9687-0334,Erie,1568,1314,1923-334,1996-12-28 00:00:00.000
Toshimori,bahi.toshimori@acme.com,67 9687-0335,Bahi,1569,1315,1923-335,1992-04-06 00:00:00.000
Goa,rothe.goa@acme.com,67 9687-0336,Rothe,1570,1316,1923-336,1992-01-07 00:00:00.000
Jeong,sadowsky.jeong@acme.com,67 9687-0337,Sadowsky,1571,1317,1923-337,1995-08-06 00:00:00.000
Heon,ranai.heon@acme.com,67 9687-0338,Ranai,1572,1318,1923-338,1988-09-01 00:00:00.000
Teunis,liedekerke.teunis@acme.com,67 9687-0339,Liedekerke,1573,1319,1923-339,1989-11-30 00:00:00.000
Djelloul,laventhal.djelloul@acme.com,67 9687-0340,Laventhal,1574,1320,1923-340,1987-06-05 00:00:00.000
Wilmer,greenaway.wilmer@acme.com,67 9687-0341,Greenaway,1575,1321,1923-341,1987-04-29 00:00:00.000
Stella,hiroyama.stella@acme.com,67 9687-0342,Hiroyama,1576,1322,1923-342,1987-07-25 00:00:00.000
Dinah,syrzycki.dinah@acme.com,67 9687-0343,Syrzycki,1577,1323,1923-343,1993-10-14 00:00:00.000
Uwe,garnier.uwe@acme.com,67 9687-0344,Garnier,1578,1324,1923-344,1994-06-25 00:00:00.000
Arra,ratnakar.arra@acme.com,67 9687-0345,Ratnakar,1579,1325,1923-345,1993-11-08 00:00:00.000
Aamod,radwan.aamod@acme.com,67 9687-0346,Radwan,1580,1326,1923-346,1987-01-27 00:00:00.000
Pradeep,kaminger.pradeep@acme.com,67 9687-0347,Kaminger,1581,1327,1923-347,1985-12-12 00:00:00.000
Mahendra,picco.mahendra@acme.com,67 9687-0348,Picco,1582,1328,1923-348,1995-10-22 00:00:00.000
Oksana,brodie.oksana@acme.com,67 9687-0349,Brodie,1583,1329,1923-349,1991-09-28 00:00:00.000
Kristen,kavvadias.kristen@acme.com,67 9687-0350,Kavvadias,1584,1330,1923-350,1990-08-19 00:00:00.000
Tadahiko,strehl.tadahiko@acme.com,67 9687-0351,Strehl,1585,1331,1923-351,1985-03-07 00:00:00.000
Erzsebet,ohori.erzsebet@acme.com,67 9687-0352,Ohori,1586,1332,1923-352,1996-01-21 00:00:00.000
Phule,hammerschmidt.phule@acme.com,67 9687-0353,Hammerschmidt,1587,1333,1923-353,1989-08-24 00:00:00.000
Moto,kusakari.moto@acme.com,67 9687-0354,Kusakari,1588,1334,1923-354,1996-03-26 00:00:00.000
Satyanarayana,cochrane.satyanarayana@acme.com,67 9687-0355,Cochrane,1589,1335,1923-355,1987-11-15 00:00:00.000
Vasilis,standera.vasilis@acme.com,67 9687-0356,Standera,1590,1336,1923-356,1988-08-06 00:00:00.000
Hausi,sidhu.hausi@acme.com,67 9687-0357,Sidhu,1591,1337,1923-357,1994-04-04 00:00:00.000
Qunsheng,tagansky.qunsheng@acme.com,67 9687-0358,Tagansky,1592,1338,1923-358,1991-02-19 00:00:00.000
Heekeun,sambasivam.heekeun@acme.com,67 9687-0359,Sambasivam,1593,1339,1923-359,1991-05-09 00:00:00.000
Irene,munck.irene@acme.com,67 9687-0360,Munck,1594,1340,1923-360,1996-09-04 00:00:00.000
Seshu,sidou.seshu@acme.com,67 9687-0361,Sidou,1595,1341,1923-361,1986-10-23 00:00:00.000
Shalesh,dastous.shalesh@acme.com,67 9687-0362,dAstous,1596,1342,1923-362,1988-08-24 00:00:00.000
Toshiki,muniz.toshiki@acme.com,67 9687-0363,Muniz,1597,1343,1923-363,1985-09-11 00:00:00.000
Nakhoon,dengi.nakhoon@acme.com,67 9687-0364,Dengi,1598,1344,1923-364,1985-11-14 00:00:00.000
Rosine,granlund.rosine@acme.com,67 9687-0365,Granlund,1599,1345,1923-365,1987-06-02 00:00:00.000
Morrie,piazza.morrie@acme.com,67 9687-0366,Piazza,1600,1346,1923-366,1994-04-11 00:00:00.000
Hyuckchul,gini.hyuckchul@acme.com,67 9687-0367,Gini,1601,1347,1923-367,1991-06-24 00:00:00.000
Hatim,koshiba.hatim@acme.com,67 9687-0368,Koshiba,1602,1348,1923-368,1991-04-05 00:00:00.000
Qunsheng,toyoshima.qunsheng@acme.com,67 9687-0369,Toyoshima,1603,1349,1923-369,1986-05-17 00:00:00.000
Clyde,fandrianto.clyde@acme.com,67 9687-0370,Fandrianto,1604,1350,1923-370,1992-04-04 00:00:00.000
Ioana,kirkerud.ioana@acme.com,67 9687-0371,Kirkerud,1605,1351,1923-371,1989-11-28 00:00:00.000
Anneli,frijda.anneli@acme.com,67 9687-0372,Frijda,1606,1352,1923-372,1985-07-30 00:00:00.000
Hongzue,heijenga.hongzue@acme.com,67 9687-0373,Heijenga,1607,1353,1923-373,1997-04-26 00:00:00.000
Willard,rosin.willard@acme.com,67 9687-0374,Rosin,1608,1354,1923-374,1993-12-08 00:00:00.000
Dante,kalafatis.dante@acme.com,67 9687-0375,Kalafatis,1609,1355,1923-375,1994-05-29 00:00:00.000
Fai,bale.fai@acme.com,67 9687-0376,Bale,1610,1356,1923-376,1989-01-14 00:00:00.000
Marl,grospietsch.marl@acme.com,67 9687-0377,Grospietsch,1611,1357,1923-377,1990-05-07 00:00:00.000
Takahira,lichtner.takahira@acme.com,67 9687-0378,Lichtner,1612,1358,1923-378,1990-12-30 00:00:00.000
Mikhail,rosis.mikhail@acme.com,67 9687-0379,Rosis,1613,1359,1923-379,1996-07-15 00:00:00.000
Alejandro,kamble.alejandro@acme.com,67 9687-0380,Kamble,1614,1360,1923-380,1985-03-19 00:00:00.000
Jiong,parfitt.jiong@acme.com,67 9687-0381,Parfitt,1615,1361,1923-381,1991-12-04 00:00:00.000
Shirish,dredge.shirish@acme.com,67 9687-0382,Dredge,1616,1362,1923-382,1990-07-04 00:00:00.000
Leucio,aumann.leucio@acme.com,67 9687-0383,Aumann,1617,1363,1923-383,1991-06-19 00:00:00.000
Feiyu,luft.feiyu@acme.com,67 9687-0384,Luft,1618,1364,1923-384,1986-01-16 00:00:00.000
Khatoun,imataki.khatoun@acme.com,67 9687-0385,Imataki,1619,1365,1923-385,1992-12-20 00:00:00.000
Eishiro,miyakawa.eishiro@acme.com,67 9687-0386,Miyakawa,1620,1366,1923-386,1985-08-02 00:00:00.000
Parto,wrigley.parto@acme.com,67 9687-0387,Wrigley,1621,1367,1923-387,1987-02-19 00:00:00.000
Hironoby,kaiser.hironoby@acme.com,67 9687-0388,Kaiser,1622,1368,1923-388,1996-03-24 00:00:00.000
Make,peir.make@acme.com,67 9687-0389,Peir,1623,1369,1923-389,1995-10-31 00:00:00.000
Wanqing,bratten.wanqing@acme.com,67 9687-0390,Bratten,1624,1370,1923-390,1989-05-17 00:00:00.000
Hongzue,akaboshi.hongzue@acme.com,67 9687-0391,Akaboshi,1625,1371,1923-391,1989-12-24 00:00:00.000
Jiann,hainaut.jiann@acme.com,67 9687-0392,Hainaut,1626,1372,1923-392,1992-03-01 00:00:00.000
Yagil,dassarma.yagil@acme.com,67 9687-0393,DasSarma,1627,1373,1923-393,1989-06-23 00:00:00.000
Shawna,meriste.shawna@acme.com,67 9687-0394,Meriste,1628,1374,1923-394,1991-03-14 00:00:00.000
Takahiro,deverell.takahiro@acme.com,67 9687-0395,Deverell,1629,1375,1923-395,1987-02-04 00:00:00.000
Sibyl,rahier.sibyl@acme.com,67 9687-0396,Rahier,1630,1376,1923-396,1986-01-11 00:00:00.000
Irena,reutenauer.irena@acme.com,67 9687-0397,Reutenauer,1631,1377,1923-397,1993-05-21 00:00:00.000
Shooichi,escriba.shooichi@acme.com,67 9687-0398,Escriba,1632,1378,1923-398,1990-10-12 00:00:00.000
Guenter,marchegay.guenter@acme.com,67 9687-0399,Marchegay,1633,1379,1923-399,1985-05-07 00:00:00.000
Ortrud,nitto.ortrud@acme.com,67 9687-0400,Nitto,1634,1380,1923-400,1993-10-17 00:00:00.000
Eckart,barriga.eckart@acme.com,67 9687-0401,Barriga,1635,1381,1923-401,1991-04-05 00:00:00.000
Volkmar,ebeling.volkmar@acme.com,67 9687-0402,Ebeling,1636,1382,1923-402,1987-01-02 00:00:00.000
Atreyi,mungall.atreyi@acme.com,67 9687-0403,Mungall,1637,1383,1923-403,1991-09-13 00:00:00.000
Prodip,rosti.prodip@acme.com,67 9687-0404,Rosti,1638,1384,1923-404,1988-08-28 00:00:00.000
Hilary,budinsky.hilary@acme.com,67 9687-0405,Budinsky,1639,1385,1923-405,1985-11-04 00:00:00.000
Sigeru,wynblatt.sigeru@acme.com,67 9687-0406,Wynblatt,1640,1386,1923-406,1987-03-11 00:00:00.000
Ulf,siepmann.ulf@acme.com,67 9687-0407,Siepmann,1641,1387,1923-407,1990-03-08 00:00:00.000
Martijn,kaiser.martijn@acme.com,67 9687-0408,Kaiser,1642,1388,1923-408,1998-10-07 00:00:00.000
Mario,straney.mario@acme.com,67 9687-0409,Straney,1643,1389,1923-409,1997-07-09 00:00:00.000
Takahito,gecsei.takahito@acme.com,67 9687-0410,Gecsei,1644,1390,1923-410,1993-10-16 00:00:00.000
Lidong,klerer.lidong@acme.com,67 9687-0411,Klerer,1645,1391,1923-411,1989-09-02 00:00:00.000
Masoud,fabrizio.masoud@acme.com,67 9687-0412,Fabrizio,1646,1392,1923-412,1986-05-06 00:00:00.000
Danel,impagliazzo.danel@acme.com,67 9687-0413,Impagliazzo,1647,1393,1923-413,1990-03-26 00:00:00.000
Yinlin,alpin.yinlin@acme.com,67 9687-0414,Alpin,1648,1394,1923-414,1990-05-30 00:00:00.000
Mark,coorg.mark@acme.com,67 9687-0415,Coorg,1649,1395,1923-415,1993-10-25 00:00:00.000
Uli,keustermans.uli@acme.com,67 9687-0416,Keustermans,1650,1396,1923-416,1989-03-24 00:00:00.000
Bingning,bakhtari.bingning@acme.com,67 9687-0417,Bakhtari,1651,1397,1923-417,1992-03-12 00:00:00.000
Candida,porotnikoff.candida@acme.com,67 9687-0418,Porotnikoff,1652,1398,1923-418,1989-04-20 00:00:00.000
Maria,bauknecht.maria@acme.com,67 9687-0419,Bauknecht,1653,1399,1923-419,1992-04-25 00:00:00.000
Kaijung,riesenhuber.kaijung@acme.com,67 9687-0420,Riesenhuber,1654,1400,1923-420,1988-01-17 00:00:00.000
Divine,marzano.divine@acme.com,67 9687-0421,Marzano,1655,1401,1923-421,1989-09-12 00:00:00.000
Greger,rubsam.greger@acme.com,67 9687-0422,Rubsam,1656,1402,1923-422,1990-12-07 00:00:00.000
Dante,cronin.dante@acme.com,67 9687-0423,Cronin,1657,1403,1923-423,1998-09-06 00:00:00.000
Babette,straney.babette@acme.com,67 9687-0424,Straney,1658,1404,1923-424,1989-08-07 00:00:00.000
Sashi,osgood.sashi@acme.com,67 9687-0425,Osgood,1659,1405,1923-425,1991-10-29 00:00:00.000
Arunas,luce.arunas@acme.com,67 9687-0426,Luce,1660,1406,1923-426,1985-07-06 00:00:00.000
Khosrow,sudbeck.khosrow@acme.com,67 9687-0427,Sudbeck,1661,1407,1923-427,1991-11-01 00:00:00.000
Cathie,brlek.cathie@acme.com,67 9687-0428,Brlek,1662,1408,1923-428,1992-06-04 00:00:00.000
Martien,improta.martien@acme.com,67 9687-0429,Improta,1663,1409,1923-429,1986-03-09 00:00:00.000
Ferdinand,chenney.ferdinand@acme.com,67 9687-0430,Chenney,1664,1410,1923-430,1990-11-16 00:00:00.000
Patricio,bugrara.patricio@acme.com,67 9687-0431,Bugrara,1665,1411,1923-431,1987-10-08 00:00:00.000
Hisao,tiemann.hisao@acme.com,67 9687-0432,Tiemann,1666,1412,1923-432,1985-04-30 00:00:00.000
Reuven,dengi.reuven@acme.com,67 9687-0433,Dengi,1667,1413,1923-433,1989-02-14 00:00:00.000
Dzung,peltason.dzung@acme.com,67 9687-0434,Peltason,1668,1414,1923-434,1995-06-27 00:00:00.000
Marsha,tagansky.marsha@acme.com,67 9687-0435,Tagansky,1669,1415,1923-435,1986-12-19 00:00:00.000
Yahiko,lammel.yahiko@acme.com,67 9687-0436,Lammel,1670,1416,1923-436,1988-01-30 00:00:00.000
Narain,reeker.narain@acme.com,67 9687-0437,Reeker,1671,1417,1923-437,1996-04-12 00:00:00.000
Evgueni,srimani.evgueni@acme.com,67 9687-0438,Srimani,1672,1418,1923-438,1990-01-19 00:00:00.000
Jolita,jarecki.jolita@acme.com,67 9687-0439,Jarecki,1673,1419,1923-439,1990-01-11 00:00:00.000
Akeel,narahara.akeel@acme.com,67 9687-0440,Narahara,1674,1420,1923-440,1994-03-31 00:00:00.000
Adel,perfilyeva.adel@acme.com,67 9687-0441,Perfilyeva,1675,1421,1923-441,1988-07-12 00:00:00.000
Volkmar,unno.volkmar@acme.com,67 9687-0442,Unno,1676,1422,1923-442,1988-03-13 00:00:00.000
Shichao,litvinov.shichao@acme.com,67 9687-0443,Litvinov,1677,1423,1923-443,1989-08-01 00:00:00.000
Kazuhira,rosis.kazuhira@acme.com,67 9687-0444,Rosis,1678,1424,1923-444,1993-03-31 00:00:00.000
Junichi,kavanagh.junichi@acme.com,67 9687-0445,Kavanagh,1679,1425,1923-445,1987-11-04 00:00:00.000
Ebru,chepyzhov.ebru@acme.com,67 9687-0446,Chepyzhov,1680,1426,1923-446,1994-11-17 00:00:00.000
Ronghao,yavatkar.ronghao@acme.com,67 9687-0447,Yavatkar,1681,1427,1923-447,1988-12-29 00:00:00.000
Phule,oxenboll.phule@acme.com,67 9687-0448,Oxenboll,1682,1428,1923-448,1992-03-12 00:00:00.000
Aleksandar,sudkamp.aleksandar@acme.com,67 9687-0449,Sudkamp,1683,1429,1923-449,1987-03-28 00:00:00.000
Khun,harbusch.khun@acme.com,67 9687-0450,Harbusch,1684,1430,1923-450,1990-01-17 00:00:00.000
Bodh,ranta.bodh@acme.com,67 9687-0451,Ranta,1685,1431,1923-451,1988-03-12 00:00:00.000
Werner,hasham.werner@acme.com,67 9687-0452,Hasham,1686,1432,1923-452,1988-09-05 00:00:00.000
Tsvetan,matzel.tsvetan@acme.com,67 9687-0453,Matzel,1687,1433,1923-453,1985-04-02 00:00:00.000
Wonhee,badr.wonhee@acme.com,67 9687-0454,Badr,1688,1434,1923-454,1987-04-10 00:00:00.000
Sverrir,streng.sverrir@acme.com,67 9687-0455,Streng,1689,1435,1923-455,1989-02-14 00:00:00.000
Stepehn,hardjono.stepehn@acme.com,67 9687-0456,Hardjono,1690,1436,1923-456,1995-12-25 00:00:00.000
Oddvar,schlenzig.oddvar@acme.com,67 9687-0457,Schlenzig,1691,1437,1923-457,1991-11-23 00:00:00.000
Gina,engelmann.gina@acme.com,67 9687-0458,Engelmann,1692,1438,1923-458,1988-07-23 00:00:00.000
Ennio,trogemann.ennio@acme.com,67 9687-0459,Trogemann,1693,1439,1923-459,1997-06-28 00:00:00.000
Shushma,vanscheik.shushma@acme.com,67 9687-0460,VanScheik,1694,1440,1923-460,1994-07-01 00:00:00.000
Gal,karcich.gal@acme.com,67 9687-0461,Karcich,1695,1441,1923-461,1987-08-03 00:00:00.000
Sumali,schlenzig.sumali@acme.com,67 9687-0462,Schlenzig,1696,1442,1923-462,1996-03-25 00:00:00.000
Ung,zaiane.ung@acme.com,67 9687-0463,Zaiane,1697,1443,1923-463,1987-12-25 00:00:00.000
Mang,maginnis.mang@acme.com,67 9687-0464,Maginnis,1698,1444,1923-464,1989-10-09 00:00:00.000
Claudi,shackel.claudi@acme.com,67 9687-0465,Shackel,1699,1445,1923-465,1987-09-01 00:00:00.000
Jiakeng,himler.jiakeng@acme.com,67 9687-0466,Himler,1700,1446,1923-466,1985-09-29 00:00:00.000
Dipayan,suomi.dipayan@acme.com,67 9687-0467,Suomi,1701,1447,1923-467,1988-07-14 00:00:00.000
Yoshimitsu,shobatake.yoshimitsu@acme.com,67 9687-0468,Shobatake,1702,1448,1923-468,1991-05-28 00:00:00.000
Munehiko,ananiadou.munehiko@acme.com,67 9687-0469,Ananiadou,1703,1449,1923-469,1985-06-05 00:00:00.000
Peternela,iwayama.peternela@acme.com,67 9687-0470,Iwayama,1704,1450,1923-470,1988-06-01 00:00:00.000
Jouko,yamaashi.jouko@acme.com,67 9687-0471,Yamaashi,1705,1451,1923-471,1990-11-18 00:00:00.000
Salvador,lodder.salvador@acme.com,67 9687-0472,Lodder,1706,1452,1923-472,1996-07-29 00:00:00.000
Przemyslawa,oskamp.przemyslawa@acme.com,67 9687-0473,Oskamp,1707,1453,1923-473,1987-10-30 00:00:00.000
Kenton,garnham.kenton@acme.com,67 9687-0474,Garnham,1708,1454,1923-474,1985-09-28 00:00:00.000
Mario,rodite.mario@acme.com,67 9687-0475,Rodite,1709,1455,1923-475,1987-01-19 00:00:00.000
Kokou,iisaka.kokou@acme.com,67 9687-0476,Iisaka,1710,1456,1923-476,1987-09-20 00:00:00.000
Guoxiang,trogemann.guoxiang@acme.com,67 9687-0477,Trogemann,1711,1457,1923-477,1989-03-04 00:00:00.000
Maik,ushiama.maik@acme.com,67 9687-0478,Ushiama,1712,1458,1923-478,1992-06-09 00:00:00.000
Duro,coney.duro@acme.com,67 9687-0479,Coney,1713,1459,1923-479,1987-02-28 00:00:00.000
Make,baba.make@acme.com,67 9687-0480,Baba,1714,1460,1923-480,1988-05-18 00:00:00.000
Yongmao,pintelas.yongmao@acme.com,67 9687-0481,Pintelas,1715,1461,1923-481,1988-10-06 00:00:00.000
Goa,pleszkun.goa@acme.com,67 9687-0482,Pleszkun,1716,1462,1923-482,1991-07-20 00:00:00.000
Zhiwei,anick.zhiwei@acme.com,67 9687-0483,Anick,1717,1463,1923-483,1992-11-08 00:00:00.000
Nirmal,varley.nirmal@acme.com,67 9687-0484,Varley,1718,1464,1923-484,1995-10-31 00:00:00.000
Teruyuki,sundgren.teruyuki@acme.com,67 9687-0485,Sundgren,1719,1465,1923-485,1985-10-27 00:00:00.000
Amstein,kossowski.amstein@acme.com,67 9687-0486,Kossowski,1720,1466,1923-486,1987-10-08 00:00:00.000
Perla,middleton.perla@acme.com,67 9687-0487,Middleton,1721,1467,1923-487,1992-08-14 00:00:00.000
Mihalis,heering.mihalis@acme.com,67 9687-0488,Heering,1722,1468,1923-488,1994-06-09 00:00:00.000
Elvia,homond.elvia@acme.com,67 9687-0489,Homond,1723,1469,1923-489,1989-09-10 00:00:00.000
Huiqun,vuskovic.huiqun@acme.com,67 9687-0490,Vuskovic,1724,1470,1923-490,1992-10-07 00:00:00.000
Garnik,narahari.garnik@acme.com,67 9687-0491,Narahari,1725,1471,1923-491,1990-01-17 00:00:00.000
Lobel,kumaresan.lobel@acme.com,67 9687-0492,Kumaresan,1726,1472,1923-492,1988-04-24 00:00:00.000
Maris,haraldson.maris@acme.com,67 9687-0493,Haraldson,1727,1473,1923-493,1992-05-16 00:00:00.000
Yakkov,servieres.yakkov@acme.com,67 9687-0494,Servieres,1728,1474,1923-494,1986-01-18 00:00:00.000
Anyuan,zhiwei.anyuan@acme.com,67 9687-0495,Zhiwei,1729,1475,1923-495,1985-09-29 00:00:00.000
Gretta,baig.gretta@acme.com,67 9687-0496,Baig,1730,1476,1923-496,1987-02-26 00:00:00.000
Pramod,rabehasaina.pramod@acme.com,67 9687-0497,Rabehasaina,1731,1477,1923-497,1992-01-22 00:00:00.000
Valter,cappelletti.valter@acme.com,67 9687-0498,Cappelletti,1732,1478,1923-498,1988-02-01 00:00:00.000
Maik,luft.maik@acme.com,67 9687-0499,Luft,1733,1479,1923-499,1989-11-23 00:00:00.000
,,,,,,,1996-12-16 00:00:00.000
