Nome,Email,Telefone,Usuario,Senha,Documento,NumeroCartao,DataNascimento
Vojin,narwekar.vojin@acme.com,67 9687-0500,Narwekar,777,705.443.621-500,12A999,1987-04-20 00:00:00.000,
Susuma,larfeldt.susuma@acme.com,67 9687-0501,Larfeldt,778,705.443.621-501,12A1001,1993-03-04 00:00:00.000,
Yonghoan,marshall.yonghoan@acme.com,67 9687-0502,Marshall,779,705.443.621-502,12A1003,1991-04-30 00:00:00.000,
Dannz,pell.dannz@acme.com,67 9687-0503,Pell,780,705.443.621-503,12A1005,1988-12-03 00:00:00.000,
Xiong,varker.xiong@acme.com,67 9687-0504,Varker,781,705.443.621-504,12A1007,1985-07-23 00:00:00.000,
Isamu,auria.isamu@acme.com,67 9687-0505,Auria,782,705.443.621-505,12A1009,1996-12-01 00:00:00.000,
Kazuhisa,kroll.kazuhisa@acme.com,67 9687-0506,Kroll,783,705.443.621-506,12A1011,1985-04-26 00:00:00.000,
Kasidit,belinskaya.kasidit@acme.com,67 9687-0507,Belinskaya,784,705.443.621-507,12A1013,1991-05-01 00:00:00.000,
Kotesh,liedekerke.kotesh@acme.com,67 9687-0508,Liedekerke,785,705.443.621-508,12A1015,1990-02-23 00:00:00.000,
Abdelwaheb,riesenhuber.abdelwaheb@acme.com,67 9687-0509,Riesenhuber,786,705.443.621-509,12A1017,1990-04-20 00:00:00.000,
Keung,slobodova.keung@acme.com,67 9687-0510,Slobodova,787,705.443.621-510,12A1019,1992-01-27 00:00:00.000,
Khoa,marrevee.khoa@acme.com,67 9687-0511,Marrevee,788,705.443.621-511,12A1021,1986-01-12 00:00:00.000,
Udi,gihr.udi@acme.com,67 9687-0512,Gihr,789,705.443.621-512,12A1023,1991-04-02 00:00:00.000,
Yuichiro,schicker.yuichiro@acme.com,67 9687-0513,Schicker,790,705.443.621-513,12A1025,1992-04-29 00:00:00.000,
Tomofumi,mcclure.tomofumi@acme.com,67 9687-0514,McClure,791,705.443.621-514,12A1027,1989-10-28 00:00:00.000,
Raimond,kirkerud.raimond@acme.com,67 9687-0515,Kirkerud,792,705.443.621-515,12A1029,1985-10-19 00:00:00.000,
Xiadong,luga.xiadong@acme.com,67 9687-0516,Luga,793,705.443.621-516,12A1031,1990-12-25 00:00:00.000,
Tiina,speek.tiina@acme.com,67 9687-0517,Speek,794,705.443.621-517,12A1033,1993-09-03 00:00:00.000,
Marin,lanphier.marin@acme.com,67 9687-0518,Lanphier,795,705.443.621-518,12A1035,1986-03-22 00:00:00.000,
Yonghoan,alencar.yonghoan@acme.com,67 9687-0519,Alencar,796,705.443.621-519,12A1037,1994-03-27 00:00:00.000,
Jenwei,ecklund.jenwei@acme.com,67 9687-0520,Ecklund,797,705.443.621-520,12A1039,1989-05-11 00:00:00.000,
Kwangsub,setia.kwangsub@acme.com,67 9687-0521,Setia,798,705.443.621-521,12A1041,1986-12-12 00:00:00.000,
Marke,cesareni.marke@acme.com,67 9687-0522,Cesareni,799,705.443.621-522,12A1043,1988-12-28 00:00:00.000,
Malu,skafidas.malu@acme.com,67 9687-0523,Skafidas,800,705.443.621-523,12A1045,1985-10-09 00:00:00.000,
Shigehiro,cincotta.shigehiro@acme.com,67 9687-0524,Cincotta,801,705.443.621-524,12A1047,1990-07-08 00:00:00.000,
Yuchang,lunt.yuchang@acme.com,67 9687-0525,Lunt,802,705.443.621-525,12A1049,1988-02-27 00:00:00.000,
Kwangho,theuretzbacher.kwangho@acme.com,67 9687-0526,Theuretzbacher,803,705.443.621-526,12A1051,1996-01-25 00:00:00.000,
Tetsushi,barvinok.tetsushi@acme.com,67 9687-0527,Barvinok,804,705.443.621-527,12A1053,1991-12-29 00:00:00.000,
Koichi,lakshmanan.koichi@acme.com,67 9687-0528,Lakshmanan,805,705.443.621-528,12A1055,1992-01-05 00:00:00.000,
Ymte,yetto.ymte@acme.com,67 9687-0529,Yetto,806,705.443.621-529,12A1057,1987-09-23 00:00:00.000,
Boriana,coors.boriana@acme.com,67 9687-0530,Coors,807,705.443.621-530,12A1059,1991-02-20 00:00:00.000,
Oguz,gimbel.oguz@acme.com,67 9687-0531,Gimbel,808,705.443.621-531,12A1061,1986-05-18 00:00:00.000,
Mary,wossner.mary@acme.com,67 9687-0532,Wossner,809,705.443.621-532,12A1063,1986-10-31 00:00:00.000,
Mohamadou,smailagic.mohamadou@acme.com,67 9687-0533,Smailagic,810,705.443.621-533,12A1065,1989-01-15 00:00:00.000,
Dinah,bahl.dinah@acme.com,67 9687-0534,Bahl,811,705.443.621-534,12A1067,1985-02-21 00:00:00.000,
Shalesh,stroustrup.shalesh@acme.com,67 9687-0535,Stroustrup,812,705.443.621-535,12A1069,1988-03-25 00:00:00.000,
Yechiam,sambasivam.yechiam@acme.com,67 9687-0536,Sambasivam,813,705.443.621-536,12A1071,1996-09-25 00:00:00.000,
Stella,benzmuller.stella@acme.com,67 9687-0537,Benzmuller,814,705.443.621-537,12A1073,1987-07-23 00:00:00.000,
Przemyslawa,falby.przemyslawa@acme.com,67 9687-0538,Falby,815,705.443.621-538,12A1075,1990-06-05 00:00:00.000,
Yucel,reinhard.yucel@acme.com,67 9687-0539,Reinhard,816,705.443.621-539,12A1077,1994-05-03 00:00:00.000,
Martins,barriga.martins@acme.com,67 9687-0540,Barriga,817,705.443.621-540,12A1079,1986-02-28 00:00:00.000,
Godehard,eiter.godehard@acme.com,67 9687-0541,Eiter,818,705.443.621-541,12A1081,1989-03-28 00:00:00.000,
Yannis,couchot.yannis@acme.com,67 9687-0542,Couchot,819,705.443.621-542,12A1083,1998-10-16 00:00:00.000,
Lein,lichtman.lein@acme.com,67 9687-0543,Lichtman,820,705.443.621-543,12A1085,1995-04-29 00:00:00.000,
Ishfaq,krzyzanowski.ishfaq@acme.com,67 9687-0544,Krzyzanowski,821,705.443.621-544,12A1087,1990-06-30 00:00:00.000,
Hauke,dastous.hauke@acme.com,67 9687-0545,dAstous,822,705.443.621-545,12A1089,1987-09-06 00:00:00.000,
Nechama,schapiro.nechama@acme.com,67 9687-0546,Schapiro,823,705.443.621-546,12A1091,1988-02-14 00:00:00.000,
Snehasis,brobst.snehasis@acme.com,67 9687-0547,Brobst,824,705.443.621-547,12A1093,1986-05-04 00:00:00.000,
Ramalingam,gunderson.ramalingam@acme.com,67 9687-0548,Gunderson,825,705.443.621-548,12A1095,1995-10-26 00:00:00.000,
Beshir,kisuki.beshir@acme.com,67 9687-0549,Kisuki,826,705.443.621-549,12A1097,1985-02-03 00:00:00.000,
Manton,leuchs.manton@acme.com,67 9687-0550,Leuchs,827,705.443.621-550,12A1099,1988-08-06 00:00:00.000,
Jeong,rijsenbrij.jeong@acme.com,67 9687-0551,Rijsenbrij,828,705.443.621-551,12A1101,1998-08-18 00:00:00.000,
Kazuhito,shiratori.kazuhito@acme.com,67 9687-0552,Shiratori,829,705.443.621-552,12A1103,1985-10-27 00:00:00.000,
Rajmohan,wallrath.rajmohan@acme.com,67 9687-0553,Wallrath,830,705.443.621-553,12A1105,1990-11-28 00:00:00.000,
Dines,gerlach.dines@acme.com,67 9687-0554,Gerlach,831,705.443.621-554,12A1107,1989-11-06 00:00:00.000,
Vitaly,picci.vitaly@acme.com,67 9687-0555,Picci,832,705.443.621-555,12A1109,1992-04-15 00:00:00.000,
JoAnna,taubman.joanna@acme.com,67 9687-0556,Taubman,833,705.443.621-556,12A1111,1986-03-31 00:00:00.000,
Sashi,karlin.sashi@acme.com,67 9687-0557,Karlin,834,705.443.621-557,12A1113,1990-04-06 00:00:00.000,
Hisao,famili.hisao@acme.com,67 9687-0558,Famili,835,705.443.621-558,12A1115,1988-01-06 00:00:00.000,
Arumugam,comellas.arumugam@acme.com,67 9687-0559,Comellas,836,705.443.621-559,12A1117,1988-09-28 00:00:00.000,
Yinlin,esteva.yinlin@acme.com,67 9687-0560,Esteva,837,705.443.621-560,12A1119,1990-12-15 00:00:00.000,
Serge,joslin.serge@acme.com,67 9687-0561,Joslin,838,705.443.621-561,12A1121,1996-07-06 00:00:00.000,
Shuky,pearson.shuky@acme.com,67 9687-0562,Pearson,839,705.443.621-562,12A1123,1992-09-29 00:00:00.000,
Mohit,spelt.mohit@acme.com,67 9687-0563,Spelt,840,705.443.621-563,12A1125,1986-05-08 00:00:00.000,
Jianhao,thisen.jianhao@acme.com,67 9687-0564,Thisen,841,705.443.621-564,12A1127,1992-01-09 00:00:00.000,
Yishay,harnett.yishay@acme.com,67 9687-0565,Harnett,842,705.443.621-565,12A1129,1988-03-19 00:00:00.000,
Jianhui,zuberek.jianhui@acme.com,67 9687-0566,Zuberek,843,705.443.621-566,12A1131,1992-10-18 00:00:00.000,
Dietrich,journel.dietrich@acme.com,67 9687-0567,Journel,844,705.443.621-567,12A1133,1989-02-14 00:00:00.000,
Gao,poulakidas.gao@acme.com,67 9687-0568,Poulakidas,845,705.443.621-568,12A1135,1987-03-13 00:00:00.000,
Sreenivas,bashian.sreenivas@acme.com,67 9687-0569,Bashian,846,705.443.621-569,12A1137,1985-05-05 00:00:00.000,
Alassane,morrin.alassane@acme.com,67 9687-0570,Morrin,847,705.443.621-570,12A1139,1985-02-24 00:00:00.000,
Fun,varman.fun@acme.com,67 9687-0571,Varman,848,705.443.621-571,12A1141,1988-02-16 00:00:00.000,
Cordelia,axelband.cordelia@acme.com,67 9687-0572,Axelband,849,705.443.621-572,12A1143,1993-07-07 00:00:00.000,
Tetsushi,speel.tetsushi@acme.com,67 9687-0573,Speel,850,705.443.621-573,12A1145,1990-02-16 00:00:00.000,
Salvador,olano.salvador@acme.com,67 9687-0574,Olano,851,705.443.621-574,12A1147,1988-10-04 00:00:00.000,
Theirry,yeung.theirry@acme.com,67 9687-0575,Yeung,852,705.443.621-575,12A1149,1988-05-17 00:00:00.000,
Xiaoqiu,krychniak.xiaoqiu@acme.com,67 9687-0576,Krychniak,853,705.443.621-576,12A1151,1990-08-18 00:00:00.000,
Ennio,schmiedel.ennio@acme.com,67 9687-0577,Schmiedel,854,705.443.621-577,12A1153,1989-11-24 00:00:00.000,
Shigeaki,shanbhogue.shigeaki@acme.com,67 9687-0578,Shanbhogue,855,705.443.621-578,12A1155,1985-09-01 00:00:00.000,
Aiman,stentiford.aiman@acme.com,67 9687-0579,Stentiford,856,705.443.621-579,12A1157,1987-09-11 00:00:00.000,
Christoper,rehfuss.christoper@acme.com,67 9687-0580,Rehfuss,857,705.443.621-580,12A1159,1988-02-09 00:00:00.000,
Odinaldo,prochazka.odinaldo@acme.com,67 9687-0581,Prochazka,858,705.443.621-581,12A1161,1986-06-22 00:00:00.000,
Shmuel,juneja.shmuel@acme.com,67 9687-0582,Juneja,859,705.443.621-582,12A1163,1985-02-14 00:00:00.000,
Prasadram,stille.prasadram@acme.com,67 9687-0583,Stille,860,705.443.621-583,12A1165,1986-02-17 00:00:00.000,
Mana,papastamatiou.mana@acme.com,67 9687-0584,Papastamatiou,861,705.443.621-584,12A1167,1986-01-05 00:00:00.000,
Sajjad,willoner.sajjad@acme.com,67 9687-0585,Willoner,862,705.443.621-585,12A1169,1992-02-04 00:00:00.000,
Kirk,vuskovic.kirk@acme.com,67 9687-0586,Vuskovic,863,705.443.621-586,12A1171,1989-09-20 00:00:00.000,
Behnaam,srimani.behnaam@acme.com,67 9687-0587,Srimani,864,705.443.621-587,12A1173,1987-01-28 00:00:00.000,
Shigeo,dulay.shigeo@acme.com,67 9687-0588,Dulay,865,705.443.621-588,12A1175,1994-01-26 00:00:00.000,
Subbu,sanella.subbu@acme.com,67 9687-0589,Sanella,866,705.443.621-589,12A1177,1986-04-09 00:00:00.000,
Yongqiao,kalloufi.yongqiao@acme.com,67 9687-0590,Kalloufi,867,705.443.621-590,12A1179,1987-06-18 00:00:00.000,
Hidde,hettesheimer.hidde@acme.com,67 9687-0591,Hettesheimer,868,705.443.621-591,12A1181,1990-06-05 00:00:00.000,
Almudena,alvarado.almudena@acme.com,67 9687-0592,Alvarado,869,705.443.621-592,12A1183,1990-09-12 00:00:00.000,
Falguni,kenevan.falguni@acme.com,67 9687-0593,Kenevan,870,705.443.621-593,12A1185,1988-04-02 00:00:00.000,
Kiyokazu,whitcomb.kiyokazu@acme.com,67 9687-0594,Whitcomb,871,705.443.621-594,12A1187,1989-11-24 00:00:00.000,
Giri,undy.giri@acme.com,67 9687-0595,Undy,872,705.443.621-595,12A1189,1995-04-01 00:00:00.000,
Sanjit,coors.sanjit@acme.com,67 9687-0596,Coors,873,705.443.621-596,12A1191,1990-04-01 00:00:00.000,
Lucien,schaad.lucien@acme.com,67 9687-0597,Schaad,874,705.443.621-597,12A1193,1989-03-31 00:00:00.000,
Margo,gronowski.margo@acme.com,67 9687-0598,Gronowski,875,705.443.621-598,12A1195,1989-03-17 00:00:00.000,
Seshu,crelier.seshu@acme.com,67 9687-0599,Crelier,876,705.443.621-599,12A1197,1985-12-22 00:00:00.000,
Emran,rettelbach.emran@acme.com,67 9687-0600,Rettelbach,877,705.443.621-600,12A1199,1994-08-29 00:00:00.000,
Barton,usdin.barton@acme.com,67 9687-0601,Usdin,878,705.443.621-601,12A1201,1988-03-12 00:00:00.000,
Douadi,wossner.douadi@acme.com,67 9687-0602,Wossner,879,705.443.621-602,12A1203,1995-07-20 00:00:00.000,
Wayne,restivo.wayne@acme.com,67 9687-0603,Restivo,880,705.443.621-603,12A1205,1990-04-07 00:00:00.000,
Susanna,brizzi.susanna@acme.com,67 9687-0604,Brizzi,881,705.443.621-604,12A1207,1985-04-29 00:00:00.000,
Moti,wixon.moti@acme.com,67 9687-0605,Wixon,882,705.443.621-605,12A1209,1987-05-02 00:00:00.000,
Toshiki,marakhovsky.toshiki@acme.com,67 9687-0606,Marakhovsky,883,705.443.621-606,12A1211,1990-06-18 00:00:00.000,
Rosalyn,hambrick.rosalyn@acme.com,67 9687-0607,Hambrick,884,705.443.621-607,12A1213,1986-05-25 00:00:00.000,
Adhemar,talmor.adhemar@acme.com,67 9687-0608,Talmor,885,705.443.621-608,12A1215,1994-12-03 00:00:00.000,
Janche,zhang.janche@acme.com,67 9687-0609,Zhang,886,705.443.621-609,12A1217,1996-04-11 00:00:00.000,
Irena,roccetti.irena@acme.com,67 9687-0610,Roccetti,887,705.443.621-610,12A1219,1989-09-16 00:00:00.000,
Karsten,blokdijk.karsten@acme.com,67 9687-0611,Blokdijk,888,705.443.621-611,12A1221,1991-09-02 00:00:00.000,
Gil,peroz.gil@acme.com,67 9687-0612,Peroz,889,705.443.621-612,12A1223,1990-09-01 00:00:00.000,
Inderjeet,jansen.inderjeet@acme.com,67 9687-0613,Jansen,890,705.443.621-613,12A1225,1990-03-03 00:00:00.000,
Gila,ozeri.gila@acme.com,67 9687-0614,Ozeri,891,705.443.621-614,12A1227,1996-03-10 00:00:00.000,
Keung,delgrande.keung@acme.com,67 9687-0615,Delgrande,892,705.443.621-615,12A1229,1988-03-10 00:00:00.000,
Tommaso,marwedel.tommaso@acme.com,67 9687-0616,Marwedel,893,705.443.621-616,12A1231,1985-03-29 00:00:00.000,
Hidekazu,angel.hidekazu@acme.com,67 9687-0617,Angel,894,705.443.621-617,12A1233,1988-11-27 00:00:00.000,
Ranga,yeung.ranga@acme.com,67 9687-0618,Yeung,895,705.443.621-618,12A1235,1989-03-24 00:00:00.000,
Vivian,kusakabe.vivian@acme.com,67 9687-0619,Kusakabe,896,705.443.621-619,12A1237,1990-11-10 00:00:00.000,
Marit,veeraraghavan.marit@acme.com,67 9687-0620,Veeraraghavan,897,705.443.621-620,12A1239,1991-06-23 00:00:00.000,
Hinrich,siepmann.hinrich@acme.com,67 9687-0621,Siepmann,898,705.443.621-621,12A1241,1989-01-28 00:00:00.000,
Turgut,narlikar.turgut@acme.com,67 9687-0622,Narlikar,899,705.443.621-622,12A1243,1987-03-07 00:00:00.000,
Aleksander,danlos.aleksander@acme.com,67 9687-0623,Danlos,900,705.443.621-623,12A1245,1990-05-07 00:00:00.000,
Sham,gyorkos.sham@acme.com,67 9687-0624,Gyorkos,901,705.443.621-624,12A1247,1985-10-31 00:00:00.000,
Leszek,petereit.leszek@acme.com,67 9687-0625,Petereit,902,705.443.621-625,12A1249,1996-12-03 00:00:00.000,
Danil,deverell.danil@acme.com,67 9687-0626,Deverell,903,705.443.621-626,12A1251,1991-11-07 00:00:00.000,
Shigeu,itzfeldt.shigeu@acme.com,67 9687-0627,Itzfeldt,904,705.443.621-627,12A1253,1985-09-11 00:00:00.000,
Krisda,krogh.krisda@acme.com,67 9687-0628,Krogh,905,705.443.621-628,12A1255,1986-01-30 00:00:00.000,
Lalit,francisci.lalit@acme.com,67 9687-0629,Francisci,906,705.443.621-629,12A1257,1993-06-26 00:00:00.000,
Bezalel,katzenelson.bezalel@acme.com,67 9687-0630,Katzenelson,907,705.443.621-630,12A1259,1988-02-16 00:00:00.000,
Inderjeet,chaudhuri.inderjeet@acme.com,67 9687-0631,Chaudhuri,908,705.443.621-631,12A1261,1985-07-25 00:00:00.000,
Yoshimitsu,velardi.yoshimitsu@acme.com,67 9687-0632,Velardi,909,705.443.621-632,12A1263,1985-06-17 00:00:00.000,
Sorina,herber.sorina@acme.com,67 9687-0633,Herber,910,705.443.621-633,12A1265,1990-11-11 00:00:00.000,
Nahid,chepyzhov.nahid@acme.com,67 9687-0634,Chepyzhov,911,705.443.621-634,12A1267,1991-09-22 00:00:00.000,
Toney,angiulli.toney@acme.com,67 9687-0635,Angiulli,912,705.443.621-635,12A1269,1994-11-16 00:00:00.000,
Saeko,porotnikoff.saeko@acme.com,67 9687-0636,Porotnikoff,913,705.443.621-636,12A1271,1993-07-11 00:00:00.000,
Heejo,frolund.heejo@acme.com,67 9687-0637,Frolund,914,705.443.621-637,12A1273,1991-05-19 00:00:00.000,
Jenwei,borovoy.jenwei@acme.com,67 9687-0638,Borovoy,915,705.443.621-638,12A1275,1992-10-25 00:00:00.000,
Pramod,erol.pramod@acme.com,67 9687-0639,Erol,916,705.443.621-639,12A1277,1992-12-04 00:00:00.000,
Anneke,meszaros.anneke@acme.com,67 9687-0640,Meszaros,917,705.443.621-640,12A1279,1993-03-21 00:00:00.000,
Guozhong,zucker.guozhong@acme.com,67 9687-0641,Zucker,918,705.443.621-641,12A1281,1986-08-06 00:00:00.000,
Hirochika,narlikar.hirochika@acme.com,67 9687-0642,Narlikar,919,705.443.621-642,12A1283,1987-11-11 00:00:00.000,
Slavian,keirsey.slavian@acme.com,67 9687-0643,Keirsey,920,705.443.621-643,12A1285,1985-05-29 00:00:00.000,
Pranas,benaini.pranas@acme.com,67 9687-0644,Benaini,921,705.443.621-644,12A1287,1988-03-01 00:00:00.000,
Fumiyo,esposito.fumiyo@acme.com,67 9687-0645,Esposito,922,705.443.621-645,12A1289,1988-08-07 00:00:00.000,
Uri,chorvat.uri@acme.com,67 9687-0646,Chorvat,923,705.443.621-646,12A1291,1995-09-28 00:00:00.000,
Tesuro,bahk.tesuro@acme.com,67 9687-0647,Bahk,924,705.443.621-647,12A1293,1988-02-16 00:00:00.000,
Marlo,ratnaker.marlo@acme.com,67 9687-0648,Ratnaker,925,705.443.621-648,12A1295,1997-09-10 00:00:00.000,
Vitali,welham.vitali@acme.com,67 9687-0649,Welham,926,705.443.621-649,12A1297,1992-10-04 00:00:00.000,
Hongzhu,chepyzhov.hongzhu@acme.com,67 9687-0650,Chepyzhov,927,705.443.621-650,12A1299,1985-08-07 00:00:00.000,
Zijian,maginnis.zijian@acme.com,67 9687-0651,Maginnis,928,705.443.621-651,12A1301,1990-02-12 00:00:00.000,
Danai,chachaty.danai@acme.com,67 9687-0652,Chachaty,929,705.443.621-652,12A1303,1987-04-30 00:00:00.000,
Otmar,feinberg.otmar@acme.com,67 9687-0653,Feinberg,930,705.443.621-653,12A1305,1987-05-28 00:00:00.000,
Nahla,castellani.nahla@acme.com,67 9687-0654,Castellani,931,705.443.621-654,12A1307,1985-07-14 00:00:00.000,
Remko,dalton.remko@acme.com,67 9687-0655,Dalton,932,705.443.621-655,12A1309,1988-06-21 00:00:00.000,
Sanjay,litzkow.sanjay@acme.com,67 9687-0656,Litzkow,933,705.443.621-656,12A1311,1989-12-31 00:00:00.000,
Juichirou,kitsuregawa.juichirou@acme.com,67 9687-0657,Kitsuregawa,934,705.443.621-657,12A1313,1994-04-29 00:00:00.000,
Junsik,rijckaert.junsik@acme.com,67 9687-0658,Rijckaert,935,705.443.621-658,12A1315,1991-09-20 00:00:00.000,
Dinah,shackel.dinah@acme.com,67 9687-0659,Shackel,936,705.443.621-659,12A1317,1988-08-12 00:00:00.000,
Jouko,kolinko.jouko@acme.com,67 9687-0660,Kolinko,937,705.443.621-660,12A1319,1988-01-12 00:00:00.000,
Ottavia,giarratana.ottavia@acme.com,67 9687-0661,Giarratana,938,705.443.621-661,12A1321,1986-09-28 00:00:00.000,
Arto,serra.arto@acme.com,67 9687-0662,Serra,939,705.443.621-662,12A1323,1993-01-23 00:00:00.000,
Teunis,noriega.teunis@acme.com,67 9687-0663,Noriega,940,705.443.621-663,12A1325,1989-12-24 00:00:00.000,
Xumin,peck.xumin@acme.com,67 9687-0664,Peck,941,705.443.621-664,12A1327,1988-01-23 00:00:00.000,
Qingxiang,snyers.qingxiang@acme.com,67 9687-0665,Snyers,942,705.443.621-665,12A1329,1989-05-20 00:00:00.000,
Zhonghua,reeker.zhonghua@acme.com,67 9687-0666,Reeker,943,705.443.621-666,12A1331,1990-06-25 00:00:00.000,
Makato,cusworth.makato@acme.com,67 9687-0667,Cusworth,944,705.443.621-667,12A1333,1989-09-25 00:00:00.000,
Maren,granlund.maren@acme.com,67 9687-0668,Granlund,945,705.443.621-668,12A1335,1995-06-09 00:00:00.000,
Yurij,iisaka.yurij@acme.com,67 9687-0669,Iisaka,946,705.443.621-669,12A1337,1988-03-23 00:00:00.000,
Shunichi,mcaffer.shunichi@acme.com,67 9687-0670,McAffer,947,705.443.621-670,12A1339,1987-01-08 00:00:00.000,
Parviz,rebaine.parviz@acme.com,67 9687-0671,Rebaine,948,705.443.621-671,12A1341,1986-07-13 00:00:00.000,
Bluma,zeilberger.bluma@acme.com,67 9687-0672,Zeilberger,949,705.443.621-672,12A1343,1990-03-01 00:00:00.000,
Hyuckchul,casperson.hyuckchul@acme.com,67 9687-0673,Casperson,950,705.443.621-673,12A1345,1988-09-16 00:00:00.000,
Abdelaziz,bisiani.abdelaziz@acme.com,67 9687-0674,Bisiani,951,705.443.621-674,12A1347,1991-11-05 00:00:00.000,
Ymte,waschkowski.ymte@acme.com,67 9687-0675,Waschkowski,952,705.443.621-675,12A1349,1986-03-20 00:00:00.000,
Valeri,danley.valeri@acme.com,67 9687-0676,Danley,953,705.443.621-676,12A1351,1996-10-07 00:00:00.000,
Alejandra,perng.alejandra@acme.com,67 9687-0677,Perng,954,705.443.621-677,12A1353,1987-08-02 00:00:00.000,
Chriss,gide.chriss@acme.com,67 9687-0678,Gide,955,705.443.621-678,12A1355,1990-05-13 00:00:00.000,
Neven,brender.neven@acme.com,67 9687-0679,Brender,956,705.443.621-679,12A1357,1986-06-20 00:00:00.000,
Kish,honglei.kish@acme.com,67 9687-0680,Honglei,957,705.443.621-680,12A1359,1992-10-25 00:00:00.000,
Florina,garnier.florina@acme.com,67 9687-0681,Garnier,958,705.443.621-681,12A1361,1990-11-09 00:00:00.000,
Bedir,haumacher.bedir@acme.com,67 9687-0682,Haumacher,959,705.443.621-682,12A1363,1993-09-07 00:00:00.000,
Guiseppe,stranks.guiseppe@acme.com,67 9687-0683,Stranks,960,705.443.621-683,12A1365,1999-10-28 00:00:00.000,
Aimee,tokunaga.aimee@acme.com,67 9687-0684,Tokunaga,961,705.443.621-684,12A1367,1990-04-24 00:00:00.000,
Zongyan,cusworth.zongyan@acme.com,67 9687-0685,Cusworth,962,705.443.621-685,12A1369,1987-05-17 00:00:00.000,
Avishai,azadmanesh.avishai@acme.com,67 9687-0686,Azadmanesh,963,705.443.621-686,12A1371,1990-03-13 00:00:00.000,
Leon,kaiser.leon@acme.com,67 9687-0687,Kaiser,964,705.443.621-687,12A1373,1985-03-25 00:00:00.000,
Xiaopeng,lanphier.xiaopeng@acme.com,67 9687-0688,Lanphier,965,705.443.621-688,12A1375,1988-08-05 00:00:00.000,
Satoru,otillio.satoru@acme.com,67 9687-0689,Otillio,966,705.443.621-689,12A1377,1989-08-22 00:00:00.000,
Matt,jumpertz.matt@acme.com,67 9687-0690,Jumpertz,967,705.443.621-690,12A1379,1989-09-17 00:00:00.000,
Denny,setia.denny@acme.com,67 9687-0691,Setia,968,705.443.621-691,12A1381,1993-03-22 00:00:00.000,
Larisa,bage.larisa@acme.com,67 9687-0692,Bage,969,705.443.621-692,12A1383,1986-01-08 00:00:00.000,
Berhard,daescu.berhard@acme.com,67 9687-0693,Daescu,970,705.443.621-693,12A1385,1988-01-26 00:00:00.000,
Rildo,straney.rildo@acme.com,67 9687-0694,Straney,971,705.443.621-694,12A1387,1989-08-05 00:00:00.000,
Zorica,acton.zorica@acme.com,67 9687-0695,Acton,972,705.443.621-695,12A1389,1991-09-09 00:00:00.000,
Unal,fendler.unal@acme.com,67 9687-0696,Fendler,973,705.443.621-696,12A1391,1998-03-04 00:00:00.000,
Bluma,hiltgen.bluma@acme.com,67 9687-0697,Hiltgen,974,705.443.621-697,12A1393,1994-12-08 00:00:00.000,
Barton,engberts.barton@acme.com,67 9687-0698,Engberts,975,705.443.621-698,12A1395,1985-11-17 00:00:00.000,
Hatim,deverell.hatim@acme.com,67 9687-0699,Deverell,976,705.443.621-699,12A1397,1987-04-02 00:00:00.000,
Angel,mondadori.angel@acme.com,67 9687-0700,Mondadori,977,705.443.621-700,12A1399,1986-10-27 00:00:00.000,
Hyuncheol,zolotykh.hyuncheol@acme.com,67 9687-0701,Zolotykh,978,705.443.621-701,12A1401,1985-07-23 00:00:00.000,
Bader,szemeredi.bader@acme.com,67 9687-0702,Szemeredi,979,705.443.621-702,12A1403,1996-05-12 00:00:00.000,
Giri,baumann.giri@acme.com,67 9687-0703,Baumann,980,705.443.621-703,12A1405,1988-07-08 00:00:00.000,
Yolla,kropatsch.yolla@acme.com,67 9687-0704,Kropatsch,981,705.443.621-704,12A1407,1990-07-18 00:00:00.000,
Hironobu,wynblatt.hironobu@acme.com,67 9687-0705,Wynblatt,982,705.443.621-705,12A1409,1989-12-17 00:00:00.000,
Gonzalo,eldridge.gonzalo@acme.com,67 9687-0706,Eldridge,983,705.443.621-706,12A1411,1990-12-24 00:00:00.000,
Moty,trystram.moty@acme.com,67 9687-0707,Trystram,984,705.443.621-707,12A1413,1996-05-18 00:00:00.000,
Aral,erman.aral@acme.com,67 9687-0708,Erman,985,705.443.621-708,12A1415,1986-02-02 00:00:00.000,
Jiafu,mateescu.jiafu@acme.com,67 9687-0709,Mateescu,986,705.443.621-709,12A1417,1992-01-10 00:00:00.000,
Sorina,kermarrec.sorina@acme.com,67 9687-0710,Kermarrec,987,705.443.621-710,12A1419,1991-06-21 00:00:00.000,
Arvind,dubourdieux.arvind@acme.com,67 9687-0711,DuBourdieux,988,705.443.621-711,12A1421,1994-08-18 00:00:00.000,
Uma,koprowski.uma@acme.com,67 9687-0712,Koprowski,989,705.443.621-712,12A1423,1986-04-26 00:00:00.000,
Jagoda,naumovich.jagoda@acme.com,67 9687-0713,Naumovich,990,705.443.621-713,12A1425,1997-03-11 00:00:00.000,
Aran,sadowsky.aran@acme.com,67 9687-0714,Sadowsky,991,705.443.621-714,12A1427,1995-09-25 00:00:00.000,
Goa,poehlman.goa@acme.com,67 9687-0715,Poehlman,992,705.443.621-715,12A1429,1985-08-20 00:00:00.000,
Aiman,constantine.aiman@acme.com,67 9687-0716,Constantine,993,705.443.621-716,12A1431,1987-06-27 00:00:00.000,
Serap,tasistro.serap@acme.com,67 9687-0717,Tasistro,994,705.443.621-717,12A1433,1988-07-21 00:00:00.000,
Adib,rullman.adib@acme.com,67 9687-0718,Rullman,995,705.443.621-718,12A1435,1995-09-05 00:00:00.000,
Guenter,karunanithi.guenter@acme.com,67 9687-0719,Karunanithi,996,705.443.621-719,12A1437,1985-08-01 00:00:00.000,
Odinaldo,kruskal.odinaldo@acme.com,67 9687-0720,Kruskal,997,705.443.621-720,12A1439,1995-03-17 00:00:00.000,
Bernd,redmiles.bernd@acme.com,67 9687-0721,Redmiles,998,705.443.621-721,12A1441,1989-01-17 00:00:00.000,
Dung,gornas.dung@acme.com,67 9687-0722,Gornas,999,705.443.621-722,12A1443,1993-05-26 00:00:00.000,
Eckart,harnett.eckart@acme.com,67 9687-0723,Harnett,1000,705.443.621-723,12A1445,1991-11-04 00:00:00.000,
Aluzio,narlikar.aluzio@acme.com,67 9687-0724,Narlikar,1001,705.443.621-724,12A1447,1990-09-08 00:00:00.000,
Garnet,isard.garnet@acme.com,67 9687-0725,Isard,1002,705.443.621-725,12A1449,1985-09-01 00:00:00.000,
Zita,minakawa.zita@acme.com,67 9687-0726,Minakawa,1003,705.443.621-726,12A1451,1991-01-08 00:00:00.000,
Saeed,kitai.saeed@acme.com,67 9687-0727,Kitai,1004,705.443.621-727,12A1453,1989-12-09 00:00:00.000,
Ugo,maliniak.ugo@acme.com,67 9687-0728,Maliniak,1005,705.443.621-728,12A1455,1986-04-20 00:00:00.000,
Percy,lorho.percy@acme.com,67 9687-0729,Lorho,1006,705.443.621-729,12A1457,1988-11-24 00:00:00.000,
Mohit,janetzko.mohit@acme.com,67 9687-0730,Janetzko,1007,705.443.621-730,12A1459,1987-02-20 00:00:00.000,
Fumitaka,peak.fumitaka@acme.com,67 9687-0731,Peak,1008,705.443.621-731,12A1461,1991-03-10 00:00:00.000,
Morris,andreotta.morris@acme.com,67 9687-0732,Andreotta,1009,705.443.621-732,12A1463,1996-02-20 00:00:00.000,
Sangeeta,rodham.sangeeta@acme.com,67 9687-0733,Rodham,1010,705.443.621-733,12A1465,1985-04-03 00:00:00.000,
Sachar,erdi.sachar@acme.com,67 9687-0734,Erdi,1011,705.443.621-734,12A1467,1985-10-29 00:00:00.000,
Morrie,gewali.morrie@acme.com,67 9687-0735,Gewali,1012,705.443.621-735,12A1469,1991-09-26 00:00:00.000,
Gurbir,hellwagner.gurbir@acme.com,67 9687-0736,Hellwagner,1013,705.443.621-736,12A1471,1990-10-15 00:00:00.000,
Vincent,schwartzbauer.vincent@acme.com,67 9687-0737,Schwartzbauer,1014,705.443.621-737,12A1473,1988-01-17 00:00:00.000,
Rosita,oppitz.rosita@acme.com,67 9687-0738,Oppitz,1015,705.443.621-738,12A1475,1985-03-12 00:00:00.000,
Gor,iacovou.gor@acme.com,67 9687-0739,Iacovou,1016,705.443.621-739,12A1477,1995-08-15 00:00:00.000,
Suzette,sadowski.suzette@acme.com,67 9687-0740,Sadowski,1017,705.443.621-740,12A1479,1989-01-06 00:00:00.000,
Sven,huttel.sven@acme.com,67 9687-0741,Huttel,1018,705.443.621-741,12A1481,1991-01-03 00:00:00.000,
Shim,wiegley.shim@acme.com,67 9687-0742,Wiegley,1019,705.443.621-742,12A1483,1985-06-10 00:00:00.000,
Kiyomitsu,peltason.kiyomitsu@acme.com,67 9687-0743,Peltason,1020,705.443.621-743,12A1485,1985-12-29 00:00:00.000,
Yaghout,syang.yaghout@acme.com,67 9687-0744,Syang,1021,705.443.621-744,12A1487,1987-05-26 00:00:00.000,
Poorav,ranze.poorav@acme.com,67 9687-0745,Ranze,1022,705.443.621-745,12A1489,1990-08-31 00:00:00.000,
Kolar,usery.kolar@acme.com,67 9687-0746,Usery,1023,705.443.621-746,12A1491,1990-10-08 00:00:00.000,
Falguni,khalid.falguni@acme.com,67 9687-0747,Khalid,1024,705.443.621-747,12A1493,1990-08-14 00:00:00.000,
Yuchang,francisci.yuchang@acme.com,67 9687-0748,Francisci,1025,705.443.621-748,12A1495,1985-09-26 00:00:00.000,
King,brendel.king@acme.com,67 9687-0749,Brendel,1026,705.443.621-749,12A1497,1991-08-04 00:00:00.000,
Roddy,demeyer.roddy@acme.com,67 9687-0750,Demeyer,1027,705.443.621-750,12A1499,1987-04-15 00:00:00.000,
Jordanka,ushiama.jordanka@acme.com,67 9687-0751,Ushiama,1028,705.443.621-751,12A1501,1993-05-28 00:00:00.000,
Byong,conde.byong@acme.com,67 9687-0752,Conde,1029,705.443.621-752,12A1503,1985-05-17 00:00:00.000,
Pradeep,harbusch.pradeep@acme.com,67 9687-0753,Harbusch,1030,705.443.621-753,12A1505,1988-01-11 00:00:00.000,
Chenyi,feinberg.chenyi@acme.com,67 9687-0754,Feinberg,1031,705.443.621-754,12A1507,1988-06-16 00:00:00.000,
Odysseas,ressouche.odysseas@acme.com,67 9687-0755,Ressouche,1032,705.443.621-755,12A1509,1995-11-21 00:00:00.000,
Paddy,brizzi.paddy@acme.com,67 9687-0756,Brizzi,1033,705.443.621-756,12A1511,1986-01-06 00:00:00.000,
Florina,simkin.florina@acme.com,67 9687-0757,Simkin,1034,705.443.621-757,12A1513,1988-02-06 00:00:00.000,
Fumiyo,boyle.fumiyo@acme.com,67 9687-0758,Boyle,1035,705.443.621-758,12A1515,1991-12-04 00:00:00.000,
JiYoung,chenney.jiyoung@acme.com,67 9687-0759,Chenney,1036,705.443.621-759,12A1517,1994-06-15 00:00:00.000,
Phillip,dratva.phillip@acme.com,67 9687-0760,Dratva,1037,705.443.621-760,12A1519,1992-05-30 00:00:00.000,
Sumali,liedekerke.sumali@acme.com,67 9687-0761,Liedekerke,1038,705.443.621-761,12A1521,1992-01-21 00:00:00.000,
Lech,himler.lech@acme.com,67 9687-0762,Himler,1039,705.443.621-762,12A1523,1987-02-23 00:00:00.000,
Giap,bolsens.giap@acme.com,67 9687-0763,Bolsens,1040,705.443.621-763,12A1525,1989-11-27 00:00:00.000,
Yunming,beetstra.yunming@acme.com,67 9687-0764,Beetstra,1041,705.443.621-764,12A1527,1994-05-07 00:00:00.000,
Goetz,norsworthy.goetz@acme.com,67 9687-0765,Norsworthy,1042,705.443.621-765,12A1529,1996-08-05 00:00:00.000,
Nathalie,standera.nathalie@acme.com,67 9687-0766,Standera,1043,705.443.621-766,12A1531,1987-06-17 00:00:00.000,
Monique,doering.monique@acme.com,67 9687-0767,Doering,1044,705.443.621-767,12A1533,1985-07-04 00:00:00.000,
Ishfaq,candan.ishfaq@acme.com,67 9687-0768,Candan,1045,705.443.621-768,12A1535,1987-08-16 00:00:00.000,
Vishv,bouloucos.vishv@acme.com,67 9687-0769,Bouloucos,1046,705.443.621-769,12A1537,1987-12-25 00:00:00.000,
Bedir,perry.bedir@acme.com,67 9687-0770,Perry,1047,705.443.621-770,12A1539,1989-11-08 00:00:00.000,
Guiseppe,kleiser.guiseppe@acme.com,67 9687-0771,Kleiser,1048,705.443.621-771,12A1541,1987-06-29 00:00:00.000,
Munehiro,dayana.munehiro@acme.com,67 9687-0772,Dayana,1049,705.443.621-772,12A1543,1985-12-01 00:00:00.000,
Avishai,bahr.avishai@acme.com,67 9687-0773,Bahr,1050,705.443.621-773,12A1545,1990-01-26 00:00:00.000,
Jacqueline,masand.jacqueline@acme.com,67 9687-0774,Masand,1051,705.443.621-774,12A1547,1988-12-09 00:00:00.000,
Xiaoheng,sluis.xiaoheng@acme.com,67 9687-0775,Sluis,1052,705.443.621-775,12A1549,1986-03-16 00:00:00.000,
Mahmut,skafidas.mahmut@acme.com,67 9687-0776,Skafidas,1053,705.443.621-776,12A1551,1988-07-05 00:00:00.000,
Mizuhito,kemmerer.mizuhito@acme.com,67 9687-0777,Kemmerer,1054,705.443.621-777,12A1553,1986-07-04 00:00:00.000,
Selwyn,merey.selwyn@acme.com,67 9687-0778,Merey,1055,705.443.621-778,12A1555,1988-01-11 00:00:00.000,
Mori,yavatkar.mori@acme.com,67 9687-0779,Yavatkar,1056,705.443.621-779,12A1557,1989-11-06 00:00:00.000,
Goncalo,staudhammer.goncalo@acme.com,67 9687-0780,Staudhammer,1057,705.443.621-780,12A1559,1991-02-04 00:00:00.000,
Patricio,leuchs.patricio@acme.com,67 9687-0781,Leuchs,1058,705.443.621-781,12A1561,1991-10-21 00:00:00.000,
Kish,perna.kish@acme.com,67 9687-0782,Perna,1059,705.443.621-782,12A1563,1994-05-15 00:00:00.000,
Moty,kenevan.moty@acme.com,67 9687-0783,Kenevan,1060,705.443.621-783,12A1565,1987-05-12 00:00:00.000,
Weijing,bottner.weijing@acme.com,67 9687-0784,Bottner,1061,705.443.621-784,12A1567,1994-11-11 00:00:00.000,
Keiichiro,marzano.keiichiro@acme.com,67 9687-0785,Marzano,1062,705.443.621-785,12A1569,1989-03-14 00:00:00.000,
Patricia,dastous.patricia@acme.com,67 9687-0786,dAstous,1063,705.443.621-786,12A1571,1991-04-16 00:00:00.000,
Shiv,neimat.shiv@acme.com,67 9687-0787,Neimat,1064,705.443.621-787,12A1573,1993-12-13 00:00:00.000,
Frazer,ullian.frazer@acme.com,67 9687-0788,Ullian,1065,705.443.621-788,12A1575,1987-02-02 00:00:00.000,
Aruna,journel.aruna@acme.com,67 9687-0789,Journel,1066,705.443.621-789,12A1577,1990-07-03 00:00:00.000,
Yurij,schonegge.yurij@acme.com,67 9687-0790,Schonegge,1067,705.443.621-790,12A1579,1988-07-30 00:00:00.000,
Tadahiko,sgarro.tadahiko@acme.com,67 9687-0791,Sgarro,1068,705.443.621-791,12A1581,1985-08-10 00:00:00.000,
Chinya,birdsall.chinya@acme.com,67 9687-0792,Birdsall,1069,705.443.621-792,12A1583,1987-10-02 00:00:00.000,
Oksana,roisin.oksana@acme.com,67 9687-0793,Roisin,1070,705.443.621-793,12A1585,1992-03-29 00:00:00.000,
Teunis,berztiss.teunis@acme.com,67 9687-0794,Berztiss,1071,705.443.621-794,12A1587,1985-05-21 00:00:00.000,
Supot,naudin.supot@acme.com,67 9687-0795,Naudin,1072,705.443.621-795,12A1589,1990-11-08 00:00:00.000,
Khoa,rousseau.khoa@acme.com,67 9687-0796,Rousseau,1073,705.443.621-796,12A1591,1988-08-21 00:00:00.000,
Goetz,hiyoshi.goetz@acme.com,67 9687-0797,Hiyoshi,1074,705.443.621-797,12A1593,1992-02-09 00:00:00.000,
Elliott,bednarek.elliott@acme.com,67 9687-0798,Bednarek,1075,705.443.621-798,12A1595,1988-06-06 00:00:00.000,
Gad,griswold.gad@acme.com,67 9687-0799,Griswold,1076,705.443.621-799,12A1597,1993-05-20 00:00:00.000,
Yuchang,matzke.yuchang@acme.com,67 9687-0800,Matzke,1077,705.443.621-800,12A1599,1994-06-27 00:00:00.000,
Uinam,zschoche.uinam@acme.com,67 9687-0801,Zschoche,1078,705.443.621-801,12A1601,1985-08-24 00:00:00.000,
Masato,setlzner.masato@acme.com,67 9687-0802,Setlzner,1079,705.443.621-802,12A1603,1988-04-20 00:00:00.000,
Katsuyuki,velasco.katsuyuki@acme.com,67 9687-0803,Velasco,1080,705.443.621-803,12A1605,1996-04-18 00:00:00.000,
Terresa,benantar.terresa@acme.com,67 9687-0804,Benantar,1081,705.443.621-804,12A1607,1987-05-26 00:00:00.000,
Kerhong,bernick.kerhong@acme.com,67 9687-0805,Bernick,1082,705.443.621-805,12A1609,1993-04-25 00:00:00.000,
Giap,matzel.giap@acme.com,67 9687-0806,Matzel,1083,705.443.621-806,12A1611,1986-10-23 00:00:00.000,
Munehiro,zallocco.munehiro@acme.com,67 9687-0807,Zallocco,1084,705.443.621-807,12A1613,1987-03-07 00:00:00.000,
Chenxi,leijenhorst.chenxi@acme.com,67 9687-0808,Leijenhorst,1085,705.443.621-808,12A1615,1987-03-04 00:00:00.000,
Shim,feldhoffer.shim@acme.com,67 9687-0809,Feldhoffer,1086,705.443.621-809,12A1617,1994-09-07 00:00:00.000,
Lijie,lunn.lijie@acme.com,67 9687-0810,Lunn,1087,705.443.621-810,12A1619,1997-07-08 00:00:00.000,
Ashish,fortenbacher.ashish@acme.com,67 9687-0811,Fortenbacher,1088,705.443.621-811,12A1621,1987-08-11 00:00:00.000,
Berthier,menhoudj.berthier@acme.com,67 9687-0812,Menhoudj,1089,705.443.621-812,12A1623,1990-04-27 00:00:00.000,
Shalesh,shumilov.shalesh@acme.com,67 9687-0813,Shumilov,1090,705.443.621-813,12A1625,1993-07-17 00:00:00.000,
Nidapan,dymetman.nidapan@acme.com,67 9687-0814,Dymetman,1091,705.443.621-814,12A1627,1994-04-19 00:00:00.000,
Renny,pramanik.renny@acme.com,67 9687-0815,Pramanik,1092,705.443.621-815,12A1629,1989-06-27 00:00:00.000,
Morris,caine.morris@acme.com,67 9687-0816,Caine,1093,705.443.621-816,12A1631,1990-12-26 00:00:00.000,
Uri,rullman.uri@acme.com,67 9687-0817,Rullman,1094,705.443.621-817,12A1633,1995-10-22 00:00:00.000,
Huan,monarch.huan@acme.com,67 9687-0818,Monarch,1095,705.443.621-818,12A1635,1986-08-02 00:00:00.000,
Pascal,sooriamurthi.pascal@acme.com,67 9687-0819,Sooriamurthi,1096,705.443.621-819,12A1637,1986-02-23 00:00:00.000,
Baocai,pena.baocai@acme.com,67 9687-0820,Pena,1097,705.443.621-820,12A1639,1987-03-12 00:00:00.000,
Irena,schurmann.irena@acme.com,67 9687-0821,Schurmann,1098,705.443.621-821,12A1641,1986-01-11 00:00:00.000,
Masaru,passino.masaru@acme.com,67 9687-0822,Passino,1099,705.443.621-822,12A1643,1995-01-02 00:00:00.000,
Arfst,mikschl.arfst@acme.com,67 9687-0823,Mikschl,1100,705.443.621-823,12A1645,1985-03-18 00:00:00.000,
Kirk,kalsbeek.kirk@acme.com,67 9687-0824,Kalsbeek,1101,705.443.621-824,12A1647,1985-12-30 00:00:00.000,
Fan,fairtlough.fan@acme.com,67 9687-0825,Fairtlough,1102,705.443.621-825,12A1649,1993-01-22 00:00:00.000,
Arnd,anandan.arnd@acme.com,67 9687-0826,Anandan,1103,705.443.621-826,12A1651,1996-11-07 00:00:00.000,
Willard,danley.willard@acme.com,67 9687-0827,Danley,1104,705.443.621-827,12A1653,1986-02-14 00:00:00.000,
Godehard,gammage.godehard@acme.com,67 9687-0828,Gammage,1105,705.443.621-828,12A1655,1993-02-22 00:00:00.000,
Alper,narahara.alper@acme.com,67 9687-0829,Narahara,1106,705.443.621-829,12A1657,1991-08-24 00:00:00.000,
Fen,fiebach.fen@acme.com,67 9687-0830,Fiebach,1107,705.443.621-830,12A1659,1996-06-21 00:00:00.000,
Toong,driscoll.toong@acme.com,67 9687-0831,Driscoll,1108,705.443.621-831,12A1661,1986-10-11 00:00:00.000,
Hidde,bergere.hidde@acme.com,67 9687-0832,Bergere,1109,705.443.621-832,12A1663,1989-02-08 00:00:00.000,
Krisda,gecseg.krisda@acme.com,67 9687-0833,Gecseg,1110,705.443.621-833,12A1665,1990-11-24 00:00:00.000,
Huiqun,rajcani.huiqun@acme.com,67 9687-0834,Rajcani,1111,705.443.621-834,12A1667,1985-07-28 00:00:00.000,
Tomoyuki,kermarrec.tomoyuki@acme.com,67 9687-0835,Kermarrec,1112,705.443.621-835,12A1669,1985-07-26 00:00:00.000,
Jianhua,leivant.jianhua@acme.com,67 9687-0836,Leivant,1113,705.443.621-836,12A1671,1986-01-14 00:00:00.000,
Chuanti,karlin.chuanti@acme.com,67 9687-0837,Karlin,1114,705.443.621-837,12A1673,1990-04-11 00:00:00.000,
Deniz,ramras.deniz@acme.com,67 9687-0838,Ramras,1115,705.443.621-838,12A1675,1991-10-05 00:00:00.000,
Gurbir,katiyar.gurbir@acme.com,67 9687-0839,Katiyar,1116,705.443.621-839,12A1677,1993-06-04 00:00:00.000,
Mohammad,koshino.mohammad@acme.com,67 9687-0840,Koshino,1117,705.443.621-840,12A1679,1990-04-21 00:00:00.000,
Pranav,lieberherr.pranav@acme.com,67 9687-0841,Lieberherr,1118,705.443.621-841,12A1681,1986-07-14 00:00:00.000,
Berni,sanella.berni@acme.com,67 9687-0842,Sanella,1119,705.443.621-842,12A1683,1990-04-26 00:00:00.000,
Honesty,smeets.honesty@acme.com,67 9687-0843,Smeets,1120,705.443.621-843,12A1685,1987-03-03 00:00:00.000,
Dipayan,koprowski.dipayan@acme.com,67 9687-0844,Koprowski,1121,705.443.621-844,12A1687,1988-06-30 00:00:00.000,
Hidde,tasistro.hidde@acme.com,67 9687-0845,Tasistro,1122,705.443.621-845,12A1689,1994-01-26 00:00:00.000,
Tokuyasu,serre.tokuyasu@acme.com,67 9687-0846,Serre,1123,705.443.621-846,12A1691,1986-07-25 00:00:00.000,
Theirry,danley.theirry@acme.com,67 9687-0847,Danley,1124,705.443.621-847,12A1693,1985-04-20 00:00:00.000,
Fen,bratsberg.fen@acme.com,67 9687-0848,Bratsberg,1125,705.443.621-848,12A1695,1995-06-25 00:00:00.000,
Makato,mayerwieser.makato@acme.com,67 9687-0849,Mayerwieser,1126,705.443.621-849,12A1697,1990-04-22 00:00:00.000,
Florina,schapire.florina@acme.com,67 9687-0850,Schapire,1127,705.443.621-850,12A1699,1994-11-21 00:00:00.000,
Piyawadee,copas.piyawadee@acme.com,67 9687-0851,Copas,1128,705.443.621-851,12A1701,1996-03-21 00:00:00.000,
Hercules,munck.hercules@acme.com,67 9687-0852,Munck,1129,705.443.621-852,12A1703,1993-05-03 00:00:00.000,
Yoshinari,kalloufi.yoshinari@acme.com,67 9687-0853,Kalloufi,1130,705.443.621-853,12A1705,1998-07-13 00:00:00.000,
Jagoda,nannarelli.jagoda@acme.com,67 9687-0854,Nannarelli,1131,705.443.621-854,12A1707,1991-08-05 00:00:00.000,
Kwangho,reinhart.kwangho@acme.com,67 9687-0855,Reinhart,1132,705.443.621-855,12A1709,1986-12-31 00:00:00.000,
Sreenivas,peck.sreenivas@acme.com,67 9687-0856,Peck,1133,705.443.621-856,12A1711,1990-04-04 00:00:00.000,
Fusako,stenning.fusako@acme.com,67 9687-0857,Stenning,1134,705.443.621-857,12A1713,1996-08-15 00:00:00.000,
Kenroku,gonthier.kenroku@acme.com,67 9687-0858,Gonthier,1135,705.443.621-858,12A1715,1993-01-03 00:00:00.000,
King,bernini.king@acme.com,67 9687-0859,Bernini,1136,705.443.621-859,12A1717,1992-03-11 00:00:00.000,
Gino,werthner.gino@acme.com,67 9687-0860,Werthner,1137,705.443.621-860,12A1719,1989-06-10 00:00:00.000,
Howell,baek.howell@acme.com,67 9687-0861,Baek,1138,705.443.621-861,12A1721,1985-07-23 00:00:00.000,
Zhenbing,kadhim.zhenbing@acme.com,67 9687-0862,Kadhim,1139,705.443.621-862,12A1723,1985-12-25 00:00:00.000,
Byong,bhattacharjee.byong@acme.com,67 9687-0863,Bhattacharjee,1140,705.443.621-863,12A1725,1985-09-04 00:00:00.000,
Elliott,spieker.elliott@acme.com,67 9687-0864,Spieker,1141,705.443.621-864,12A1727,1991-04-19 00:00:00.000,
Danco,etalle.danco@acme.com,67 9687-0865,Etalle,1142,705.443.621-865,12A1729,1990-12-27 00:00:00.000,
Fayez,yeung.fayez@acme.com,67 9687-0866,Yeung,1143,705.443.621-866,12A1731,1986-10-08 00:00:00.000,
Billur,gyorkos.billur@acme.com,67 9687-0867,Gyorkos,1144,705.443.621-867,12A1733,1990-03-20 00:00:00.000,
Houman,unno.houman@acme.com,67 9687-0868,Unno,1145,705.443.621-868,12A1735,1996-03-15 00:00:00.000,
Guangming,jonsson.guangming@acme.com,67 9687-0869,Jonsson,1146,705.443.621-869,12A1737,1988-01-13 00:00:00.000,
Shahid,leppanen.shahid@acme.com,67 9687-0870,Leppanen,1147,705.443.621-870,12A1739,1989-02-15 00:00:00.000,
Aram,gilg.aram@acme.com,67 9687-0871,Gilg,1148,705.443.621-871,12A1741,1990-09-06 00:00:00.000,
Karoline,speel.karoline@acme.com,67 9687-0872,Speel,1149,705.443.621-872,12A1743,1994-03-23 00:00:00.000,
Sukumar,wegerle.sukumar@acme.com,67 9687-0873,Wegerle,1150,705.443.621-873,12A1745,1986-04-22 00:00:00.000,
Mahmut,borstler.mahmut@acme.com,67 9687-0874,Borstler,1151,705.443.621-874,12A1747,1988-05-19 00:00:00.000,
Filipp,suri.filipp@acme.com,67 9687-0875,Suri,1152,705.443.621-875,12A1749,1995-01-29 00:00:00.000,
Vincent,papastamatiou.vincent@acme.com,67 9687-0876,Papastamatiou,1153,705.443.621-876,12A1751,1986-06-06 00:00:00.000,
Subir,biron.subir@acme.com,67 9687-0877,Biron,1154,705.443.621-877,12A1753,1988-02-25 00:00:00.000,
Lakshmi,deville.lakshmi@acme.com,67 9687-0878,Deville,1155,705.443.621-878,12A1755,1985-08-15 00:00:00.000,
Muzhong,chleq.muzhong@acme.com,67 9687-0879,Chleq,1156,705.443.621-879,12A1757,1986-04-20 00:00:00.000,
Weiye,nitsche.weiye@acme.com,67 9687-0880,Nitsche,1157,705.443.621-880,12A1759,1996-04-18 00:00:00.000,
Katsuo,miake.katsuo@acme.com,67 9687-0881,Miake,1158,705.443.621-881,12A1761,1994-11-29 00:00:00.000,
Fun,heuser.fun@acme.com,67 9687-0882,Heuser,1159,705.443.621-882,12A1763,1987-11-07 00:00:00.000,
Shimshon,champarnaud.shimshon@acme.com,67 9687-0883,Champarnaud,1160,705.443.621-883,12A1765,1993-04-15 00:00:00.000,
Teunis,kleiser.teunis@acme.com,67 9687-0884,Kleiser,1161,705.443.621-884,12A1767,1991-08-19 00:00:00.000,
Rayond,cronau.rayond@acme.com,67 9687-0885,Cronau,1162,705.443.621-885,12A1769,1995-03-26 00:00:00.000,
Sushant,begiun.sushant@acme.com,67 9687-0886,Begiun,1163,705.443.621-886,12A1771,1989-03-16 00:00:00.000,
Lunjin,demori.lunjin@acme.com,67 9687-0887,DeMori,1164,705.443.621-887,12A1773,1987-06-28 00:00:00.000,
Kwangho,dredge.kwangho@acme.com,67 9687-0888,Dredge,1165,705.443.621-888,12A1775,1987-08-11 00:00:00.000,
Cheong,coors.cheong@acme.com,67 9687-0889,Coors,1166,705.443.621-889,12A1777,1988-04-21 00:00:00.000,
Ramzi,furudate.ramzi@acme.com,67 9687-0890,Furudate,1167,705.443.621-890,12A1779,1990-12-07 00:00:00.000,
Susanne,jiang.susanne@acme.com,67 9687-0891,Jiang,1168,705.443.621-891,12A1781,1990-04-11 00:00:00.000,
Kazunori,vieth.kazunori@acme.com,67 9687-0892,Vieth,1169,705.443.621-892,12A1783,1989-08-23 00:00:00.000,
Danil,kropatsch.danil@acme.com,67 9687-0893,Kropatsch,1170,705.443.621-893,12A1785,1991-07-18 00:00:00.000,
Suebskul,srimani.suebskul@acme.com,67 9687-0894,Srimani,1171,705.443.621-894,12A1787,1986-04-26 00:00:00.000,
Vishwani,petersohn.vishwani@acme.com,67 9687-0895,Petersohn,1172,705.443.621-895,12A1789,1994-10-08 00:00:00.000,
Adil,taubenfeld.adil@acme.com,67 9687-0896,Taubenfeld,1173,705.443.621-896,12A1791,1986-04-09 00:00:00.000,
Arno,kumaresan.arno@acme.com,67 9687-0897,Kumaresan,1174,705.443.621-897,12A1793,1986-04-10 00:00:00.000,
Munenori,markovitch.munenori@acme.com,67 9687-0898,Markovitch,1175,705.443.621-898,12A1795,1989-10-06 00:00:00.000,
Valery,rousseau.valery@acme.com,67 9687-0899,Rousseau,1176,705.443.621-899,12A1797,1995-09-07 00:00:00.000,
Ferdinand,prenel.ferdinand@acme.com,67 9687-0900,Prenel,1177,705.443.621-900,12A1799,1992-10-30 00:00:00.000,
Chrisa,narahara.chrisa@acme.com,67 9687-0901,Narahara,1178,705.443.621-901,12A1801,1990-04-22 00:00:00.000,
Inderjeet,perly.inderjeet@acme.com,67 9687-0902,Perly,1179,705.443.621-902,12A1803,1989-02-14 00:00:00.000,
Visit,nyanchama.visit@acme.com,67 9687-0903,Nyanchama,1180,705.443.621-903,12A1805,1993-04-16 00:00:00.000,
Debatosh,colorni.debatosh@acme.com,67 9687-0904,Colorni,1181,705.443.621-904,12A1807,1985-02-28 00:00:00.000,
Jianhui,aloia.jianhui@acme.com,67 9687-0905,Aloia,1182,705.443.621-905,12A1809,1994-01-20 00:00:00.000,
Munehiro,carrere.munehiro@acme.com,67 9687-0906,Carrere,1183,705.443.621-906,12A1811,1988-12-25 00:00:00.000,
JiYoung,luks.jiyoung@acme.com,67 9687-0907,Luks,1184,705.443.621-907,12A1813,1985-10-08 00:00:00.000,
Rajmohan,koblick.rajmohan@acme.com,67 9687-0908,Koblick,1185,705.443.621-908,12A1815,1985-04-21 00:00:00.000,
Georgi,atchley.georgi@acme.com,67 9687-0909,Atchley,1186,705.443.621-909,12A1817,1989-07-13 00:00:00.000,
Arco,jervis.arco@acme.com,67 9687-0910,Jervis,1187,705.443.621-910,12A1819,1988-06-25 00:00:00.000,
Shay,casley.shay@acme.com,67 9687-0911,Casley,1188,705.443.621-911,12A1821,1986-04-23 00:00:00.000,
Oscal,fasbender.oscal@acme.com,67 9687-0912,Fasbender,1189,705.443.621-912,12A1823,1992-06-25 00:00:00.000,
Narain,thummel.narain@acme.com,67 9687-0913,Thummel,1190,705.443.621-913,12A1825,1998-03-24 00:00:00.000,
Mizuhito,prochazka.mizuhito@acme.com,67 9687-0914,Prochazka,1191,705.443.621-914,12A1827,1987-12-06 00:00:00.000,
Valery,skafidas.valery@acme.com,67 9687-0915,Skafidas,1192,705.443.621-915,12A1829,1996-07-01 00:00:00.000,
Make,spataro.make@acme.com,67 9687-0916,Spataro,1193,705.443.621-916,12A1831,1987-12-03 00:00:00.000,
Tesuya,slaats.tesuya@acme.com,67 9687-0917,Slaats,1194,705.443.621-917,12A1833,1985-12-13 00:00:00.000,
Susumu,reghbati.susumu@acme.com,67 9687-0918,Reghbati,1195,705.443.621-918,12A1835,1987-04-19 00:00:00.000,
Reinhard,lindenbaum.reinhard@acme.com,67 9687-0919,Lindenbaum,1196,705.443.621-919,12A1837,1991-07-09 00:00:00.000,
Ronghao,narahara.ronghao@acme.com,67 9687-0920,Narahara,1197,705.443.621-920,12A1839,1986-07-27 00:00:00.000,
Mara,bahi.mara@acme.com,67 9687-0921,Bahi,1198,705.443.621-921,12A1841,1992-08-09 00:00:00.000,
Kyoichi,wossner.kyoichi@acme.com,67 9687-0922,Wossner,1199,705.443.621-922,12A1843,1990-04-09 00:00:00.000,
Younwoo,maquelin.younwoo@acme.com,67 9687-0923,Maquelin,1200,705.443.621-923,12A1845,1988-08-14 00:00:00.000,
Hironoby,atchley.hironoby@acme.com,67 9687-0924,Atchley,1201,705.443.621-924,12A1847,1986-09-04 00:00:00.000,
Heng,waterhouse.heng@acme.com,67 9687-0925,Waterhouse,1202,705.443.621-925,12A1849,1990-04-30 00:00:00.000,
Leni,eppinger.leni@acme.com,67 9687-0926,Eppinger,1203,705.443.621-926,12A1851,1985-10-26 00:00:00.000,
Gal,scallan.gal@acme.com,67 9687-0927,Scallan,1204,705.443.621-927,12A1853,1991-04-07 00:00:00.000,
Udaiprakash,schmezko.udaiprakash@acme.com,67 9687-0928,Schmezko,1205,705.443.621-928,12A1855,1991-04-15 00:00:00.000,
Sumali,arlazarov.sumali@acme.com,67 9687-0929,Arlazarov,1206,705.443.621-929,12A1857,1990-08-09 00:00:00.000,
Arch,minakawa.arch@acme.com,67 9687-0930,Minakawa,1207,705.443.621-930,12A1859,1992-06-14 00:00:00.000,
Abdulla,beutelspacher.abdulla@acme.com,67 9687-0931,Beutelspacher,1208,705.443.621-931,12A1861,1994-09-09 00:00:00.000,
Avishai,picci.avishai@acme.com,67 9687-0932,Picci,1209,705.443.621-932,12A1863,1993-08-02 00:00:00.000,
Juyoung,seghrouchni.juyoung@acme.com,67 9687-0933,Seghrouchni,1210,705.443.621-933,12A1865,1993-11-11 00:00:00.000,
Bartek,strooper.bartek@acme.com,67 9687-0934,Strooper,1211,705.443.621-934,12A1867,1990-03-09 00:00:00.000,
Morris,famili.morris@acme.com,67 9687-0935,Famili,1212,705.443.621-935,12A1869,1987-10-27 00:00:00.000,
Mountaz,schicker.mountaz@acme.com,67 9687-0936,Schicker,1213,705.443.621-936,12A1871,1987-08-29 00:00:00.000,
Anyuan,nanard.anyuan@acme.com,67 9687-0937,Nanard,1214,705.443.621-937,12A1873,1985-09-24 00:00:00.000,
Shaowei,iisaku.shaowei@acme.com,67 9687-0938,Iisaku,1215,705.443.621-938,12A1875,1990-11-01 00:00:00.000,
Matk,akazan.matk@acme.com,67 9687-0939,Akazan,1216,705.443.621-939,12A1877,1994-12-02 00:00:00.000,
Aleksander,fioravanti.aleksander@acme.com,67 9687-0940,Fioravanti,1217,705.443.621-940,12A1879,1993-08-22 00:00:00.000,
Katsuyuki,norsworthy.katsuyuki@acme.com,67 9687-0941,Norsworthy,1218,705.443.621-941,12A1881,1989-09-08 00:00:00.000,
Toshimitsu,larfeldt.toshimitsu@acme.com,67 9687-0942,Larfeldt,1219,705.443.621-942,12A1883,1988-02-19 00:00:00.000,
Berna,skafidas.berna@acme.com,67 9687-0943,Skafidas,1220,705.443.621-943,12A1885,1991-05-24 00:00:00.000,
Remko,zyda.remko@acme.com,67 9687-0944,Zyda,1221,705.443.621-944,12A1887,1990-07-04 00:00:00.000,
Kazuhiro,kushnir.kazuhiro@acme.com,67 9687-0945,Kushnir,1222,705.443.621-945,12A1889,1996-02-04 00:00:00.000,
Shaz,kabayashi.shaz@acme.com,67 9687-0946,Kabayashi,1223,705.443.621-946,12A1891,1995-11-16 00:00:00.000,
Gor,usery.gor@acme.com,67 9687-0947,Usery,1224,705.443.621-947,12A1893,1996-09-30 00:00:00.000,
Shigehito,brodie.shigehito@acme.com,67 9687-0948,Brodie,1225,705.443.621-948,12A1895,1990-03-13 00:00:00.000,
Shigeichiro,wroclawski.shigeichiro@acme.com,67 9687-0949,Wroclawski,1226,705.443.621-949,12A1897,1996-06-08 00:00:00.000,
Sushant,staylopatis.sushant@acme.com,67 9687-0950,Staylopatis,1227,705.443.621-950,12A1899,1989-07-06 00:00:00.000,
Marco,iisaku.marco@acme.com,67 9687-0951,Iisaku,1228,705.443.621-951,12A1901,1986-07-22 00:00:00.000,
Inderjeet,bharadwaj.inderjeet@acme.com,67 9687-0952,Bharadwaj,1229,705.443.621-952,12A1903,1987-02-12 00:00:00.000,
Jahangir,laventhal.jahangir@acme.com,67 9687-0953,Laventhal,1230,705.443.621-953,12A1905,1990-08-07 00:00:00.000,
Ranga,burnard.ranga@acme.com,67 9687-0954,Burnard,1231,705.443.621-954,12A1907,1986-09-27 00:00:00.000,
Urs,danley.urs@acme.com,67 9687-0955,Danley,1232,705.443.621-955,12A1909,1992-06-29 00:00:00.000,
Arno,picel.arno@acme.com,67 9687-0956,Picel,1233,705.443.621-956,12A1911,1988-01-23 00:00:00.000,
Duke,schnabel.duke@acme.com,67 9687-0957,Schnabel,1234,705.443.621-957,12A1913,1988-11-27 00:00:00.000,
Huican,katalagarianos.huican@acme.com,67 9687-0958,Katalagarianos,1235,705.443.621-958,12A1915,1994-03-01 00:00:00.000,
Kerryn,vigier.kerryn@acme.com,67 9687-0959,Vigier,1236,705.443.621-959,12A1917,1988-03-14 00:00:00.000,
Billur,braunschweig.billur@acme.com,67 9687-0960,Braunschweig,1237,705.443.621-960,12A1919,1986-05-14 00:00:00.000,
Weiwu,choobineh.weiwu@acme.com,67 9687-0961,Choobineh,1238,705.443.621-961,12A1921,1986-12-16 00:00:00.000,
Naraig,kugler.naraig@acme.com,67 9687-0962,Kugler,1239,705.443.621-962,12A1923,1988-01-14 00:00:00.000,
Hatsukazu,swist.hatsukazu@acme.com,67 9687-0963,Swist,1240,705.443.621-963,12A1925,1990-10-11 00:00:00.000,
Takushi,bolsens.takushi@acme.com,67 9687-0964,Bolsens,1241,705.443.621-964,12A1927,1986-07-29 00:00:00.000,
Eckart,braunschweig.eckart@acme.com,67 9687-0965,Braunschweig,1242,705.443.621-965,12A1929,1989-11-07 00:00:00.000,
Danel,pardalos.danel@acme.com,67 9687-0966,Pardalos,1243,705.443.621-966,12A1931,1993-08-01 00:00:00.000,
Eran,adachi.eran@acme.com,67 9687-0967,Adachi,1244,705.443.621-967,12A1933,1985-08-11 00:00:00.000,
Lakshmi,kolinko.lakshmi@acme.com,67 9687-0968,Kolinko,1245,705.443.621-968,12A1935,1988-08-22 00:00:00.000,
Premal,noriega.premal@acme.com,67 9687-0969,Noriega,1246,705.443.621-969,12A1937,1994-09-16 00:00:00.000,
Gen,tiemann.gen@acme.com,67 9687-0970,Tiemann,1247,705.443.621-970,12A1939,1991-07-30 00:00:00.000,
Isamu,vadhan.isamu@acme.com,67 9687-0971,Vadhan,1248,705.443.621-971,12A1941,1987-06-06 00:00:00.000,
Fumiko,asser.fumiko@acme.com,67 9687-0972,Asser,1249,705.443.621-972,12A1943,1989-03-05 00:00:00.000,
Valdiodio,raczkowsky.valdiodio@acme.com,67 9687-0973,Raczkowsky,1250,705.443.621-973,12A1945,1985-11-25 00:00:00.000,
Muneo,papsdorf.muneo@acme.com,67 9687-0974,Papsdorf,1251,705.443.621-974,12A1947,1986-10-31 00:00:00.000,
Peternela,birnbaum.peternela@acme.com,67 9687-0975,Birnbaum,1252,705.443.621-975,12A1949,1992-12-06 00:00:00.000,
Hitomi,valette.hitomi@acme.com,67 9687-0976,Valette,1253,705.443.621-976,12A1951,1987-08-10 00:00:00.000,
Toong,murrill.toong@acme.com,67 9687-0977,Murrill,1254,705.443.621-977,12A1953,1985-05-18 00:00:00.000,
Huiqun,bellone.huiqun@acme.com,67 9687-0978,Bellone,1255,705.443.621-978,12A1955,1986-01-27 00:00:00.000,
Elrique,raney.elrique@acme.com,67 9687-0979,Raney,1256,705.443.621-979,12A1957,1989-01-04 00:00:00.000,
Filipp,munawer.filipp@acme.com,67 9687-0980,Munawer,1257,705.443.621-980,12A1959,1989-01-03 00:00:00.000,
Sugwoo,dulin.sugwoo@acme.com,67 9687-0981,Dulin,1258,705.443.621-981,12A1961,1989-11-11 00:00:00.000,
Yishay,decleir.yishay@acme.com,67 9687-0982,Decleir,1259,705.443.621-982,12A1963,1988-02-22 00:00:00.000,
Somnath,parascandalo.somnath@acme.com,67 9687-0983,Parascandalo,1260,705.443.621-983,12A1965,1988-07-09 00:00:00.000,
Pranjal,billawala.pranjal@acme.com,67 9687-0984,Billawala,1261,705.443.621-984,12A1967,1990-12-10 00:00:00.000,
Chiradeep,furedi.chiradeep@acme.com,67 9687-0985,Furedi,1262,705.443.621-985,12A1969,1985-10-11 00:00:00.000,
Masako,schiper.masako@acme.com,67 9687-0986,Schiper,1263,705.443.621-986,12A1971,1995-12-19 00:00:00.000,
Flemming,baezner.flemming@acme.com,67 9687-0987,Baezner,1264,705.443.621-987,12A1973,1985-06-19 00:00:00.000,
Chinya,deyuan.chinya@acme.com,67 9687-0988,Deyuan,1265,705.443.621-988,12A1975,1985-07-20 00:00:00.000,
Sumali,candan.sumali@acme.com,67 9687-0989,Candan,1266,705.443.621-989,12A1977,1988-07-06 00:00:00.000,
Shin,foote.shin@acme.com,67 9687-0990,Foote,1267,705.443.621-990,12A1979,1993-05-21 00:00:00.000,
Munehiro,aingworth.munehiro@acme.com,67 9687-0991,Aingworth,1268,705.443.621-991,12A1981,1988-08-01 00:00:00.000,
Zhensheng,juneja.zhensheng@acme.com,67 9687-0992,Juneja,1269,705.443.621-992,12A1983,1992-05-29 00:00:00.000,
Arve,erde.arve@acme.com,67 9687-0993,Erde,1270,705.443.621-993,12A1985,1987-06-29 00:00:00.000,
Divine,aingworth.divine@acme.com,67 9687-0994,Aingworth,1271,705.443.621-994,12A1987,1997-07-19 00:00:00.000,
Chenye,hertweck.chenye@acme.com,67 9687-0995,Hertweck,1272,705.443.621-995,12A1989,1990-02-07 00:00:00.000,
Matk,rahimi.matk@acme.com,67 9687-0996,Rahimi,1273,705.443.621-996,12A1991,1994-05-06 00:00:00.000,
Alselm,parascandalo.alselm@acme.com,67 9687-0997,Parascandalo,1274,705.443.621-997,12A1993,1992-06-28 00:00:00.000,
Marlo,kandlur.marlo@acme.com,67 9687-0998,Kandlur,1275,705.443.621-998,12A1995,1996-03-05 00:00:00.000,
Insup,benveniste.insup@acme.com,67 9687-0999,Benveniste,1276,705.443.621-999,12A1997,1988-08-20 00:00:00.000,
Alain,bonifati.alain@acme.com,67 9687-1000,Bonifati,1277,705.443.621-1000,12A1999,1988-08-20 00:00:00.000,
